alert_id,entity_id,severity,category,disposition,escalated,time_opened,time_closed,closure_time_minutes,investigation_notes,asset_id,analyst_id
AL-3DB23051,ENT-04,high,policy_violation,escalated,True,2026-01-17T19:02:39,2026-01-17T19:48:39,46.0,Mrs develop carry my fall at age feeling blue interesting speak avoid administration teach another big.,AST-ENT-04-15,ANL-007
AL-CAC48286,ENT-05,medium,policy_violation,open,False,2026-03-02T04:24:48,,,Professor two north success commercial another control.,AST-ENT-05-20,ANL-010
AL-67F07F71,ENT-10,critical,policy_violation,escalated,True,2026-04-19T09:41:35,2026-04-19T11:03:17,81.7,Describe according he share think once ball enter politics.,AST-ENT-10-18,ANL-015
AL-32BED5CE,ENT-01,medium,unauthorized_access,open,False,2026-05-04T16:52:54,,,Try school wait never fly pull big method message.,AST-ENT-01-02,ANL-021
AL-C271BDC4,ENT-05,high,unauthorized_access,escalated,True,2026-03-17T04:45:48,2026-03-17T06:45:12,119.4,Institution record back ten radio kind imagine day stuff several I clear us put they.,AST-ENT-05-CORE,ANL-004
AL-9C6C6BF8,ENT-03,medium,dos_attempt,closed,False,2026-03-28T23:24:25,2026-03-29T00:08:43,44.3,Partner about minute should nothing bed edge image.,AST-ENT-03-16,ANL-016
AL-5E53B366,ENT-02,medium,phishing,open,False,2026-02-04T13:09:42,,,Pretty affect discussion late often mean really song how start.,AST-ENT-02-03,ANL-011
AL-712E7252,ENT-09,high,phishing,escalated,True,2026-01-26T06:48:46,2026-01-26T08:28:46,100.0,Finish seem party within employee kid fall international clearly sport official remain store.,AST-ENT-09-CORE,ANL-024
AL-59D28D02,ENT-07,low,policy_violation,closed,False,2026-05-18T10:54:37,2026-05-18T11:45:19,50.7,Argue remain someone without first evening son my point argue thousand exactly letter land follow.,AST-ENT-07-CORE,ANL-023
AL-1118EA41,ENT-08,medium,policy_violation,closed,False,2026-06-08T21:30:45,2026-06-08T22:47:21,76.6,Theory religious wrong management or fear full bank political tell.,AST-ENT-08-06,ANL-010
AL-9496ED94,ENT-09,high,malware,escalated,True,2026-06-29T21:52:38,2026-06-29T23:50:14,117.6,Table quickly drive choose theory before yet manager catch price interest chair million.,AST-ENT-09-06,ANL-004
AL-AEC2B79C,ENT-08,high,dos_attempt,open,False,2026-05-29T21:30:49,,,Into inside into around computer likely to individual by six civil beautiful record fly.,AST-ENT-08-17,ANL-024
AL-99D98FB8,ENT-03,high,malware,escalated,True,2026-02-17T09:39:16,2026-02-17T11:12:04,92.8,Behind sign wear necessary forward near rather voice pick skill window generation adult program throughout boy.,AST-ENT-03-CORE,ANL-010
AL-F3B1B8C7,ENT-01,medium,malware,open,False,2026-02-10T17:07:18,,,Thank value quality reality in game score challenge toward.,AST-ENT-01-16,ANL-007
AL-454D7B3F,ENT-08,high,data_exfiltration,escalated,True,2026-04-07T19:27:17,2026-04-07T20:00:41,33.4,Up his street none her class clearly laugh dream several develop certain some put fact consider.,AST-ENT-08-15,ANL-017
AL-995105D5,ENT-06,high,policy_violation,escalated,True,2026-03-30T08:48:49,2026-03-30T10:08:07,79.3,Another man list anything action early stock actually find throughout bring everybody adult.,AST-ENT-06-10,ANL-004
AL-34D245D4,ENT-09,high,data_exfiltration,open,False,2026-03-07T15:58:55,,,Body general tonight resource thus politics must any weight safe officer serious same.,AST-ENT-09-16,ANL-016
AL-1846E8A7,ENT-09,medium,insider_threat,open,False,2026-03-21T00:43:27,,,Major she knowledge house imagine detail cell television woman minute customer both write.,AST-ENT-09-05,ANL-002
AL-A504A470,ENT-04,high,dos_attempt,escalated,True,2026-06-18T16:44:26,2026-06-18T18:09:56,85.5,"Checked logs, closing as non-issue.",AST-ENT-04-15,ANL-015
AL-8B8F33B7,ENT-08,medium,data_exfiltration,escalated,True,2026-03-27T06:14:19,2026-03-27T08:07:13,112.9,Agency feel performance travel Republican forget feeling party.,AST-ENT-08-10,ANL-004
AL-F1B050D5,ENT-10,low,insider_threat,open,False,2026-01-18T22:28:45,,,Behind name possible financial environmental fast will.,AST-ENT-10-04,ANL-021
AL-4BD2BC2C,ENT-05,high,insider_threat,open,False,2026-05-10T00:35:14,,,Hit seem of daughter quite college middle.,AST-ENT-05-17,ANL-022
AL-CC0A65F8,ENT-09,medium,data_exfiltration,closed,False,2026-04-26T22:26:18,2026-04-26T23:50:00,83.7,Doctor network minute road special finally station whose community popular way from weight ask myself wall.,AST-ENT-09-CORE,ANL-001
AL-DAAC0B2C,ENT-12,medium,malware,open,False,2026-05-24T01:37:08,,,Democrat day take onto find several occur natural respond.,AST-ENT-12-20,ANL-018
AL-074D262F,ENT-04,medium,policy_violation,closed,False,2026-06-17T16:19:44,2026-06-17T17:22:32,62.8,Reviewed alert. No further action required.,AST-ENT-04-20,ANL-013
AL-2EA790EB,ENT-12,high,unauthorized_access,escalated,True,2026-05-11T01:28:53,2026-05-11T02:58:59,90.1,Including understand ten look believe bed data hand measure could center method crime.,AST-ENT-12-02,ANL-012
AL-10347AF6,ENT-09,high,unauthorized_access,escalated,True,2026-01-25T21:48:58,2026-01-25T22:18:16,29.3,Prepare interest employee source later dream war same explain agent speak manager site.,AST-ENT-09-10,ANL-015
AL-16E419A4,ENT-09,medium,dos_attempt,closed,False,2026-03-01T23:55:54,2026-03-02T01:27:18,91.4,High require strategy customer actually trade arm also appear star.,AST-ENT-09-20,ANL-011
AL-7955E4C8,ENT-10,medium,malware,open,False,2026-06-12T18:39:31,,,Give garden bag place issue American page training ball discussion behind live.,AST-ENT-10-19,ANL-011
AL-BFDEFAF5,ENT-06,low,phishing,closed,False,2026-01-27T07:35:10,2026-01-27T07:53:34,18.4,Week control modern continue which nor can.,AST-ENT-06-01,ANL-018
AL-D6525B72,ENT-05,high,dos_attempt,escalated,True,2026-01-26T14:22:20,2026-01-26T15:42:26,80.1,Court special ok short meeting past pull note movie civil build child reflect whole.,AST-ENT-05-02,ANL-008
AL-8202333C,ENT-05,low,malware,closed,False,2026-01-18T07:12:36,2026-01-18T07:22:42,10.1,Under television point five health size hot new common thank across.,AST-ENT-05-04,ANL-004
AL-1EDDCA18,ENT-06,low,malware,open,False,2026-01-10T17:45:32,,,Where buy about strategy small world degree choice similar it personal single trial manage level.,AST-ENT-06-CORE,ANL-021
AL-66001931,ENT-01,low,malware,escalated,True,2026-01-21T07:19:13,2026-01-21T07:33:49,14.6,So and five notice son view process happy into result author.,AST-ENT-01-17,ANL-005
AL-BE3B7897,ENT-08,medium,data_exfiltration,closed,False,2026-01-15T12:21:23,2026-01-15T15:00:17,158.9,Involve cover community approach special week easy seek PM list toward start everybody of PM.,AST-ENT-08-02,ANL-024
AL-87247D75,ENT-08,low,dos_attempt,open,False,2026-06-09T23:08:49,,,Room chair not opportunity door part threat national price indeed great different watch.,AST-ENT-08-15,ANL-003
AL-39EE156F,ENT-03,medium,data_exfiltration,open,False,2026-06-13T23:00:01,,,Challenge technology under one determine smile become stop finish mean seem senior.,AST-ENT-03-09,ANL-017
AL-28762079,ENT-06,medium,dos_attempt,open,False,2026-05-24T23:18:02,,,Next yeah amount collection without resource outside past must reveal realize though example develop begin race.,AST-ENT-06-07,ANL-017
AL-06CB143B,ENT-10,low,dos_attempt,open,False,2026-02-20T12:59:19,,,So write green scene need movement bill wait whose item manage place range.,AST-ENT-10-03,ANL-020
AL-FF5C10B9,ENT-10,critical,phishing,escalated,True,2026-01-17T09:54:52,2026-01-17T10:46:34,51.7,Behind pattern they style director speak in treatment continue doctor fine.,AST-ENT-10-CORE,ANL-025
AL-50FB88D3,ENT-07,low,dos_attempt,closed,False,2026-06-17T14:31:50,2026-06-17T15:02:02,30.2,Recent open moment level station degree care read face on experience.,AST-ENT-07-12,ANL-009
AL-BC8B678B,ENT-01,medium,insider_threat,open,False,2026-04-02T03:52:15,,,Room under team security at wind what officer report red.,AST-ENT-01-CORE,ANL-023
AL-02473C74,ENT-08,medium,dos_attempt,open,False,2026-01-11T20:46:32,,,Technology end skin mention sing bill above why wonder in must arrive evening.,AST-ENT-08-20,ANL-008
AL-2DA3F464,ENT-10,medium,insider_threat,escalated,True,2026-01-19T20:58:59,2026-01-19T23:09:59,131.0,Better near however tonight skin kind quickly itself machine.,AST-ENT-10-CORE,ANL-025
AL-1EC73EDD,ENT-05,medium,unauthorized_access,open,False,2026-02-09T01:25:12,,,Address for leg customer interest know international.,AST-ENT-05-20,ANL-007
AL-5D142083,ENT-04,low,dos_attempt,escalated,True,2026-01-04T10:32:08,2026-01-04T11:04:14,32.1,Town traditional forget better doctor head none media.,AST-ENT-04-02,ANL-022
AL-DF6934C3,ENT-12,critical,dos_attempt,open,False,2026-02-08T07:37:26,,,Player civil economic son but movie individual me call reach plan material until I practice.,AST-ENT-12-08,ANL-001
AL-571FCFE8,ENT-03,low,data_exfiltration,open,False,2026-04-13T03:05:20,,,World film position firm building rich amount arrive most step something talk response amount foreign.,AST-ENT-03-18,ANL-015
AL-DE334735,ENT-08,medium,data_exfiltration,closed,False,2026-01-08T07:53:22,2026-01-08T10:28:28,155.1,Office court politics hair military western bring Democrat during our.,AST-ENT-08-17,ANL-005
AL-2D6D6D89,ENT-04,low,insider_threat,open,False,2026-02-17T02:59:51,,,Reviewed alert. No further action required.,AST-ENT-04-17,ANL-025
AL-DA75BE39,ENT-02,high,dos_attempt,closed,False,2026-01-10T09:26:51,2026-01-10T11:12:03,105.2,Before response whatever product car appear health.,AST-ENT-02-13,ANL-024
AL-EA9D4B52,ENT-02,low,policy_violation,open,False,2026-01-09T23:44:19,,,Hour probably water us attention response line type policy plan.,AST-ENT-02-02,ANL-008
AL-5563CAAB,ENT-09,medium,data_exfiltration,open,False,2026-02-14T06:57:25,,,Cause instead do your safe green agreement rock if magazine look.,AST-ENT-09-CORE,ANL-020
AL-13C9532A,ENT-03,medium,data_exfiltration,escalated,True,2026-01-29T15:09:42,2026-01-29T17:14:18,124.6,Nation how give skin wide under attack suggest television.,AST-ENT-03-10,ANL-015
AL-59D0C000,ENT-12,low,dos_attempt,open,False,2026-05-24T20:23:31,,,Great final knowledge current because first likely debate since arrive open small poor another.,AST-ENT-12-08,ANL-010
AL-BA01C210,ENT-09,low,data_exfiltration,escalated,True,2026-01-04T11:20:38,2026-01-04T12:11:44,51.1,Them reflect available century join outside phone surface here.,AST-ENT-09-13,ANL-019
AL-91BF7092,ENT-05,high,insider_threat,escalated,True,2026-05-11T23:34:43,2026-05-12T01:20:37,105.9,One Congress land reflect between head reveal campaign.,AST-ENT-05-04,ANL-001
AL-2FF4398A,ENT-01,critical,unauthorized_access,closed,False,2026-02-03T12:47:43,2026-02-03T13:36:13,48.5,Return wall trouble friend current whose job nor yard establish hit.,AST-ENT-01-CORE,ANL-014
AL-4764A51B,ENT-02,critical,malware,escalated,True,2026-05-24T03:36:59,2026-05-24T04:14:41,37.7,Must federal produce condition push wrong state character hospital happy.,AST-ENT-02-13,ANL-003
AL-2ADC53F8,ENT-06,medium,phishing,escalated,True,2026-04-30T21:45:03,2026-04-30T23:38:21,113.3,Process whole week contain positive place become industry able view rate rest this his.,AST-ENT-06-18,ANL-008
AL-F6A4A69E,ENT-10,critical,phishing,escalated,True,2026-05-30T20:40:56,2026-05-30T21:18:20,37.4,Gun door all nearly culture room thing public mission.,AST-ENT-10-18,ANL-007
AL-CE30CDCB,ENT-02,high,data_exfiltration,closed,False,2026-03-29T21:53:52,2026-03-29T22:23:16,29.4,Few success around direction soldier strong water.,AST-ENT-02-11,ANL-013
AL-B65C41EB,ENT-05,low,unauthorized_access,closed,False,2026-05-18T02:50:21,2026-05-18T03:02:51,12.5,Tax pull day test cup improve actually view pay.,AST-ENT-05-01,ANL-016
AL-A07D4169,ENT-10,medium,data_exfiltration,closed,False,2026-06-22T04:23:09,2026-06-22T06:48:21,145.2,Point they color first hundred seven another possible answer across sit.,AST-ENT-10-07,ANL-013
AL-4FA6F72E,ENT-05,medium,dos_attempt,closed,False,2026-05-24T22:17:34,2026-05-25T00:59:34,162.0,Sign low among manage him off which thing serious open worry.,AST-ENT-05-12,ANL-017
AL-B7FCCC52,ENT-08,low,dos_attempt,open,False,2026-02-05T06:32:03,,,Magazine movie account imagine court result business thank.,AST-ENT-08-06,ANL-011
AL-C1F21D00,ENT-03,high,dos_attempt,escalated,True,2026-01-02T21:18:24,2026-01-02T22:53:18,94.9,Hold my run feel writer week wall.,AST-ENT-03-12,ANL-019
AL-68769A90,ENT-12,medium,phishing,open,False,2026-05-22T10:47:15,,,Keep official over base southern possible ability family turn.,AST-ENT-12-12,ANL-019
AL-3A7AF205,ENT-06,critical,insider_threat,closed,False,2026-04-22T12:36:25,2026-04-22T12:51:31,15.1,Specific her benefit Mr network night garden song drive.,AST-ENT-06-CORE,ANL-024
AL-EC09E44C,ENT-03,medium,insider_threat,open,False,2026-03-08T20:06:22,,,Consider knowledge figure force produce unit rock lot south mention big north.,AST-ENT-03-11,ANL-022
AL-D354C102,ENT-07,low,policy_violation,open,False,2026-01-29T03:45:20,,,Data main last ago you option rest by if professor young wife side agreement charge.,AST-ENT-07-14,ANL-025
AL-23C7A47B,ENT-08,low,unauthorized_access,open,False,2026-01-30T07:20:04,,,Career cup main much one author catch stand might expect.,AST-ENT-08-03,ANL-024
AL-46B70F09,ENT-09,medium,phishing,closed,False,2026-01-12T20:54:40,2026-01-12T22:22:28,87.8,Fill personal fire when official wife industry.,AST-ENT-09-08,ANL-005
AL-0F968E36,ENT-05,high,phishing,open,False,2026-02-05T13:16:50,,,Some add you three continue however many back institution agent author let thought affect democratic.,AST-ENT-05-19,ANL-011
AL-3213BE8C,ENT-01,medium,phishing,open,False,2026-01-17T12:57:31,,,Carry happy response would enter his value experience young west practice.,AST-ENT-01-CORE,ANL-011
AL-9AB72355,ENT-07,high,dos_attempt,closed,False,2026-05-26T14:12:07,2026-05-26T14:58:25,46.3,Usually above soon street cut image move international mention do five like among as.,AST-ENT-07-14,ANL-018
AL-607494F1,ENT-11,medium,unauthorized_access,closed,False,2026-02-23T16:24:12,2026-02-23T19:01:12,157.0,Bill hot stop industry road a full myself measure want rather his product end.,AST-ENT-11-CORE,ANL-023
AL-C5367FD2,ENT-04,medium,data_exfiltration,open,False,2026-05-19T07:20:58,,,Attention become ahead toward water resource activity save itself foot what sign room.,AST-ENT-04-06,ANL-006
AL-679BD208,ENT-05,high,data_exfiltration,closed,False,2026-02-22T11:55:24,2026-02-22T11:56:48,1.4,Federal program any surface magazine option point end.,AST-ENT-05-19,ANL-007
AL-2959DDE7,ENT-07,high,data_exfiltration,open,False,2026-04-08T10:47:08,,,Range image everyone material unit water follow seem grow management between whom effort issue.,AST-ENT-07-13,ANL-001
AL-3FE4E5EF,ENT-05,medium,unauthorized_access,escalated,True,2026-03-27T07:29:41,2026-03-27T09:21:59,112.3,Age reveal media national feeling able security year send suffer against and.,AST-ENT-05-06,ANL-015
AL-1F636F3F,ENT-07,medium,dos_attempt,escalated,True,2026-06-25T18:17:56,2026-06-25T20:01:02,103.1,Perhaps note someone cover question drop about per truth child house budget style.,AST-ENT-07-06,ANL-014
AL-8C8DA4E5,ENT-09,critical,dos_attempt,escalated,True,2026-05-06T01:19:42,2026-05-06T01:37:42,18.0,Data power morning behavior laugh quite water.,AST-ENT-09-16,ANL-007
AL-D33D1862,ENT-04,high,unauthorized_access,closed,False,2026-02-09T22:54:11,2026-02-09T23:52:53,58.7,"Checked logs, closing as non-issue.",AST-ENT-04-10,ANL-005
AL-FEDF8410,ENT-12,medium,phishing,closed,False,2026-05-10T15:31:54,2026-05-10T18:25:00,173.1,Certain modern service social Democrat sign outside look improve any pick.,AST-ENT-12-14,ANL-014
AL-B9257E5B,ENT-01,high,unauthorized_access,open,False,2026-04-06T05:27:26,,,Fear tend American war old what design want ahead easy whole must every per.,AST-ENT-01-09,ANL-003
AL-2E0B22CF,ENT-04,low,dos_attempt,closed,False,2026-02-09T06:44:05,2026-02-09T06:58:05,14.0,Property very television discussion nearly behavior for star they everybody.,AST-ENT-04-CORE,ANL-018
AL-916C0B4D,ENT-08,medium,dos_attempt,closed,False,2026-05-05T13:48:50,2026-05-05T14:39:08,50.3,Risk within carry doctor while prepare light trouble move away former face.,AST-ENT-08-13,ANL-020
AL-2C71375C,ENT-12,low,dos_attempt,closed,False,2026-03-02T19:03:12,2026-03-02T19:20:36,17.4,Top somebody itself likely reflect onto tonight soon buy where such.,AST-ENT-12-CORE,ANL-023
AL-352557B6,ENT-11,low,phishing,open,False,2026-03-11T21:28:03,,,Cut feel military page weight either line bill whatever money.,AST-ENT-11-01,ANL-006
AL-A1166185,ENT-12,low,dos_attempt,open,False,2026-05-30T17:19:50,,,Week now final operation send employee speak room whatever.,AST-ENT-12-11,ANL-015
AL-721B5FC5,ENT-02,high,data_exfiltration,open,False,2026-02-01T06:46:47,,,Five though share management common center man hold effort detail lawyer clear guess eye certain heart.,AST-ENT-02-05,ANL-001
AL-3BBBF3C3,ENT-05,high,unauthorized_access,escalated,True,2026-05-13T06:48:00,2026-05-13T07:17:24,29.4,Great group pay arm future respond program whether ever third four me six.,AST-ENT-05-17,ANL-008
AL-CF0B5308,ENT-10,high,policy_violation,closed,False,2026-05-30T11:50:49,2026-05-30T12:46:31,55.7,Hold member low against help next which able everything detail raise turn direction rock real.,AST-ENT-10-01,ANL-010
AL-07E5A0AF,ENT-07,medium,unauthorized_access,closed,False,2026-01-24T19:01:52,2026-01-24T20:27:16,85.4,Family pattern deep since go leader surface traditional its film than.,AST-ENT-07-19,ANL-009
AL-D180174A,ENT-11,high,dos_attempt,escalated,True,2026-01-02T17:06:07,2026-01-02T18:39:31,93.4,Record talk against tell talk once be end key bank ago serve sometimes end.,AST-ENT-11-17,ANL-013
AL-74ED1C8C,ENT-01,critical,malware,closed,False,2026-01-16T08:07:23,2026-01-16T08:11:05,3.7,Tonight million cover piece six have line one teacher call each.,AST-ENT-01-19,ANL-022
AL-CE34A36C,ENT-09,high,data_exfiltration,escalated,True,2026-02-28T23:59:28,2026-03-01T00:58:28,59.0,Position daughter reduce job blood middle home wonder military institution be number step history green.,AST-ENT-09-08,ANL-013
AL-CFFA3B18,ENT-07,medium,policy_violation,closed,False,2026-05-02T12:25:38,2026-05-02T12:55:50,30.2,Agreement sure scene natural southern between up positive music poor suggest six better short spring ago.,AST-ENT-07-03,ANL-013
AL-3788295B,ENT-01,high,phishing,closed,False,2026-02-26T12:52:51,2026-02-26T14:49:33,116.7,Thought result while example leave when threat project half door.,AST-ENT-01-05,ANL-023
AL-633E9424,ENT-05,medium,dos_attempt,closed,False,2026-01-21T02:41:55,2026-01-21T04:32:43,110.8,Ago number citizen score mouth environmental themselves establish course relate.,AST-ENT-05-03,ANL-011
AL-0C101A8F,ENT-08,high,insider_threat,escalated,True,2026-02-09T21:35:15,2026-02-09T22:59:51,84.6,Least security one southern piece feel Democrat star.,AST-ENT-08-20,ANL-005
AL-D5682834,ENT-10,high,policy_violation,open,False,2026-03-09T10:08:34,,,Fall agency expect else time miss religious positive eat third head trip.,AST-ENT-10-14,ANL-008
AL-3A53A735,ENT-09,low,unauthorized_access,escalated,True,2026-01-29T10:44:50,2026-01-29T11:12:14,27.4,Effort attention example evening ask if throw future reach street course.,AST-ENT-09-19,ANL-021
AL-A9D5CB13,ENT-04,medium,unauthorized_access,open,False,2026-03-24T20:51:48,,,Inside shoulder choice measure space skin talk business line necessary fly share ten carry.,AST-ENT-04-09,ANL-005
AL-93D373A4,ENT-06,critical,dos_attempt,escalated,True,2026-03-30T05:47:36,2026-03-30T06:03:42,16.1,Difficult beat offer professional whole chair four perform.,AST-ENT-06-13,ANL-019
AL-62B8CA52,ENT-08,medium,insider_threat,open,False,2026-02-04T18:09:06,,,Matter few sister start account character individual provide any.,AST-ENT-08-CORE,ANL-001
AL-CC31A31C,ENT-07,medium,phishing,open,False,2026-03-01T13:35:01,,,See leg at on fly owner newspaper few member part Republican hospital if near.,AST-ENT-07-09,ANL-022
AL-297DE174,ENT-08,medium,phishing,closed,False,2026-01-07T11:27:14,2026-01-07T14:10:44,163.5,Area product something person choose early push hospital personal quite kid hit stay plan daughter.,AST-ENT-08-02,ANL-015
AL-4E6353A2,ENT-01,low,dos_attempt,open,False,2026-04-21T19:37:54,,,Owner picture him final air mention rise official.,AST-ENT-01-13,ANL-021
AL-BEF433C7,ENT-03,medium,insider_threat,closed,False,2026-01-04T03:51:18,2026-01-04T04:54:36,63.3,Agency wife care way still grow music born already black offer book western Mr two.,AST-ENT-03-CORE,ANL-007
AL-7EF4D687,ENT-08,medium,insider_threat,escalated,True,2026-06-23T04:17:36,2026-06-23T05:45:00,87.4,Record ask science government outside able last young speech central a.,AST-ENT-08-05,ANL-001
AL-BFDC487D,ENT-04,high,insider_threat,escalated,True,2026-04-01T07:37:18,2026-04-01T08:40:48,63.5,Investigated and closed. False positive.,AST-ENT-04-14,ANL-017
AL-79A587B6,ENT-05,medium,malware,escalated,True,2026-04-09T18:48:48,2026-04-09T19:34:48,46.0,Tough since war think draw allow else occur.,AST-ENT-05-15,ANL-024
AL-D1AFF550,ENT-03,medium,policy_violation,open,False,2026-02-16T17:05:27,,,Stuff evening north city he sit style poor arrive lot pattern better plant certain seek name.,AST-ENT-03-19,ANL-003
AL-77B3D3CD,ENT-07,low,malware,closed,False,2026-03-05T08:45:09,2026-03-05T09:38:03,52.9,Wide see offer position his standard bring three indeed laugh but second.,AST-ENT-07-10,ANL-011
AL-FF028565,ENT-06,high,malware,open,False,2026-05-29T16:35:56,,,Hand half audience western race attack discover rise.,AST-ENT-06-07,ANL-004
AL-C0B987DD,ENT-03,medium,policy_violation,open,False,2026-05-19T04:03:14,,,Share police ground center just more sea run born smile.,AST-ENT-03-03,ANL-021
AL-DEF07E3F,ENT-04,high,insider_threat,closed,False,2026-06-08T20:06:10,2026-06-08T21:17:04,70.9,Reviewed alert. No further action required.,AST-ENT-04-03,ANL-024
AL-41A3B2B1,ENT-05,medium,policy_violation,closed,False,2026-06-01T17:17:38,2026-06-01T18:18:56,61.3,Sister since employee get agent modern strong sign listen officer score whatever.,AST-ENT-05-CORE,ANL-017
AL-2B3FD066,ENT-09,critical,malware,open,False,2026-04-29T11:51:14,,,Again hospital anyone fight second so floor operation nice.,AST-ENT-09-07,ANL-009
AL-2E2E4342,ENT-06,high,malware,open,False,2026-05-10T03:42:26,,,Tv without almost write have move these be probably early very large impact beyond moment.,AST-ENT-06-01,ANL-020
AL-15E7D51E,ENT-07,low,data_exfiltration,closed,False,2026-03-01T19:57:49,2026-03-01T20:41:43,43.9,Light such child dinner nor key least.,AST-ENT-07-CORE,ANL-020
AL-FAF64090,ENT-09,low,data_exfiltration,open,False,2026-01-17T05:26:19,,,Success final investment argue prepare similar above owner.,AST-ENT-09-02,ANL-022
AL-F16DC9F6,ENT-05,low,policy_violation,open,False,2026-06-22T12:40:37,,,Side laugh positive issue design service put.,AST-ENT-05-01,ANL-025
AL-84178B49,ENT-09,high,insider_threat,closed,False,2026-03-12T08:26:37,2026-03-12T09:21:01,54.4,Cultural learn customer reason camera because away election worker region learn gun.,AST-ENT-09-11,ANL-002
AL-E9087A76,ENT-07,low,unauthorized_access,open,False,2026-06-15T13:35:42,,,Sometimes back lay animal provide piece floor feeling former law apply politics prepare able.,AST-ENT-07-05,ANL-023
AL-75EC82FE,ENT-10,high,dos_attempt,open,False,2026-05-09T03:50:01,,,Set either big send agreement election budget wish pretty.,AST-ENT-10-05,ANL-014
AL-CA6679E6,ENT-12,high,phishing,closed,False,2026-05-06T14:55:46,2026-05-06T16:07:16,71.5,Home allow machine late during necessary study education run matter cold lay ten still able.,AST-ENT-12-13,ANL-013
AL-3997D911,ENT-03,high,phishing,escalated,True,2026-04-04T14:50:00,2026-04-04T15:22:48,32.8,Say shake value shoulder wall cut part room campaign culture for discover music member establish.,AST-ENT-03-11,ANL-024
AL-81715AC4,ENT-10,high,unauthorized_access,escalated,True,2026-05-02T20:15:23,2026-05-02T21:21:23,66.0,Table report possible thought apply most way recently box debate statement matter international management country.,AST-ENT-10-01,ANL-014
AL-D345B33B,ENT-12,medium,unauthorized_access,open,False,2026-01-20T13:08:42,,,Government couple seek skin there thank while six live letter newspaper example enter change when lose.,AST-ENT-12-12,ANL-005
AL-9FEC4905,ENT-08,critical,insider_threat,escalated,True,2026-03-28T12:19:45,2026-03-28T13:44:51,85.1,Attorney onto necessary cause detail after exactly look huge party policy support fast feeling similar.,AST-ENT-08-15,ANL-012
AL-27DDCFD8,ENT-01,low,insider_threat,escalated,True,2026-03-26T21:13:51,2026-03-26T21:32:33,18.7,Lose represent ability inside night how finally program itself husband occur.,AST-ENT-01-06,ANL-013
AL-4ABCFAEE,ENT-10,critical,data_exfiltration,closed,False,2026-04-30T16:23:17,2026-04-30T17:43:29,80.2,General group sense detail law all share career cost suddenly indeed.,AST-ENT-10-07,ANL-002
AL-1DE00AEA,ENT-04,critical,unauthorized_access,closed,False,2026-04-04T10:13:08,2026-04-04T10:49:26,36.3,"Checked logs, closing as non-issue.",AST-ENT-04-CORE,ANL-012
AL-287100FE,ENT-11,medium,unauthorized_access,closed,False,2026-05-01T05:24:28,2026-05-01T08:24:16,179.8,Situation figure exactly piece chance able interesting concern seat establish.,AST-ENT-11-07,ANL-014
AL-C231987A,ENT-01,medium,insider_threat,escalated,True,2026-03-03T04:21:12,2026-03-03T05:15:42,54.5,Politics think old value between citizen whose young set knowledge article community team seven look.,AST-ENT-01-05,ANL-013
AL-EA63DF04,ENT-10,low,malware,open,False,2026-01-17T20:31:08,,,Run account leader exactly truth serve serve note recent.,AST-ENT-10-16,ANL-002
AL-5A1F9D13,ENT-01,high,unauthorized_access,closed,False,2026-06-18T18:25:23,2026-06-18T18:27:05,1.7,International page dinner off social shoulder design huge south.,AST-ENT-01-05,ANL-024
AL-3D7A4BC1,ENT-04,medium,policy_violation,open,False,2026-01-13T06:00:13,,,Set vote raise pattern seem anything medical better possible.,AST-ENT-04-CORE,ANL-011
AL-BF98F938,ENT-10,medium,dos_attempt,escalated,True,2026-02-06T04:17:07,2026-02-06T04:56:07,39.0,Take story democratic without stop military drive ahead production.,AST-ENT-10-13,ANL-019
AL-8EDDBD35,ENT-09,high,dos_attempt,escalated,True,2026-02-18T10:03:27,2026-02-18T10:39:03,35.6,Two might fish example body subject late energy.,AST-ENT-09-01,ANL-010
AL-D2262C81,ENT-12,low,phishing,closed,False,2026-05-12T10:18:46,2026-05-12T10:43:34,24.8,Start give know phone radio sort hair amount wonder these we wide reveal sure power.,AST-ENT-12-18,ANL-002
AL-1D99D24D,ENT-01,critical,policy_violation,closed,False,2026-03-09T11:53:30,2026-03-09T11:57:42,4.2,Factor young get wrong teach not response professor rate team condition when if help start peace.,AST-ENT-01-02,ANL-012
AL-D72A2E60,ENT-05,medium,policy_violation,open,False,2026-01-09T22:21:27,,,Hundred hundred type security store area wish that hospital despite moment vote.,AST-ENT-05-08,ANL-005
AL-EC6C6BA8,ENT-07,high,insider_threat,escalated,True,2026-05-10T02:51:36,2026-05-10T03:35:18,43.7,Main scientist type particular interesting kind from way today baby professor identify necessary population wall through.,AST-ENT-07-14,ANL-019
AL-4484B89F,ENT-02,medium,unauthorized_access,escalated,True,2026-02-11T06:09:05,2026-02-11T08:32:59,143.9,Result service idea or thank others population admit why group fall newspaper.,AST-ENT-02-09,ANL-016
AL-ABF554D8,ENT-03,medium,unauthorized_access,open,False,2026-04-22T11:39:38,,,Agreement room newspaper character hope eight value imagine contain health yeah success soldier control.,AST-ENT-03-03,ANL-021
AL-9267D23C,ENT-03,low,unauthorized_access,open,False,2026-06-17T10:01:48,,,Bag war from activity start scene pay true whom result picture cold black life another.,AST-ENT-03-20,ANL-023
AL-B99752EF,ENT-01,high,policy_violation,open,False,2026-06-03T02:20:01,,,Statement center say green carry boy safe.,AST-ENT-01-08,ANL-019
AL-90A54298,ENT-07,medium,malware,open,False,2026-05-02T04:32:44,,,Poor article and really rule music save development work since everyone attorney especially official on.,AST-ENT-07-02,ANL-003
AL-1F4567F8,ENT-08,low,insider_threat,closed,False,2026-01-03T03:46:36,2026-01-03T04:36:42,50.1,Few end choose art five avoid article long worker benefit study up.,AST-ENT-08-04,ANL-020
AL-85D4B4CC,ENT-05,critical,malware,closed,False,2026-02-01T12:37:16,2026-02-01T12:41:28,4.2,Stage arrive store responsibility laugh position station law coach popular green day majority perhaps phone.,AST-ENT-05-03,ANL-005
AL-6D32625B,ENT-07,medium,data_exfiltration,open,False,2026-02-26T21:53:03,,,Environmental open always tonight decade just interest determine inside group.,AST-ENT-07-20,ANL-009
AL-F4B80BA2,ENT-02,critical,policy_violation,escalated,True,2026-06-23T17:25:32,2026-06-23T17:50:38,25.1,Want end guess fear else force hold be development my.,AST-ENT-02-09,ANL-006
AL-5B1F0532,ENT-06,critical,data_exfiltration,open,False,2026-03-27T21:00:55,,,Question live weight guy everything lose recently so tell quickly quickly case policy cultural.,AST-ENT-06-03,ANL-007
AL-18EA5B1F,ENT-07,high,dos_attempt,closed,False,2026-06-22T22:50:28,2026-06-23T00:25:16,94.8,Data away though media whether western I federal long understand.,AST-ENT-07-CORE,ANL-022
AL-00904818,ENT-09,medium,malware,closed,False,2026-05-29T07:20:16,2026-05-29T07:57:52,37.6,No have information nothing street box could.,AST-ENT-09-14,ANL-001
AL-0A75EDC8,ENT-04,low,phishing,open,False,2026-05-08T07:32:00,,,Help rest shake research writer recognize identify some.,AST-ENT-04-17,ANL-007
AL-42D5C3A5,ENT-09,medium,insider_threat,escalated,True,2026-02-07T09:56:10,2026-02-07T12:30:52,154.7,Thus wonder shoulder suggest the treat detail year tell because woman race water purpose.,AST-ENT-09-17,ANL-009
AL-11B4ACA1,ENT-04,high,dos_attempt,open,False,2026-04-21T05:56:50,,,Step property consumer laugh about hot industry speak various.,AST-ENT-04-CORE,ANL-025
AL-2B920FD8,ENT-08,high,insider_threat,escalated,True,2026-02-22T10:38:38,2026-02-22T12:10:38,92.0,Security yard plan home reflect general if true course.,AST-ENT-08-04,ANL-003
AL-90111D52,ENT-12,critical,unauthorized_access,escalated,True,2026-02-24T08:16:05,2026-02-24T09:17:23,61.3,Purpose character develop keep instead live success total.,AST-ENT-12-17,ANL-008
AL-A294E71C,ENT-05,medium,policy_violation,closed,False,2026-04-19T01:04:34,2026-04-19T03:10:16,125.7,Positive affect discuss avoid say base detail have customer people care.,AST-ENT-05-CORE,ANL-014
AL-871E57A9,ENT-09,high,unauthorized_access,escalated,True,2026-03-08T23:01:12,2026-03-09T00:17:12,76.0,However stock charge across mean care give occur.,AST-ENT-09-03,ANL-022
AL-12A016CA,ENT-07,low,dos_attempt,closed,False,2026-04-20T03:36:29,2026-04-20T04:19:05,42.6,Voice feel step upon claim huge leave mean man suggest similar.,AST-ENT-07-05,ANL-004
AL-0FE0DB26,ENT-09,high,dos_attempt,escalated,True,2026-04-01T14:49:25,2026-04-01T15:49:43,60.3,Agree we any thousand put factor truth call stage.,AST-ENT-09-13,ANL-018
AL-913868CB,ENT-07,high,policy_violation,escalated,True,2026-01-10T11:27:36,2026-01-10T12:58:48,91.2,Establish practice speak and do bed treat over several forward exactly.,AST-ENT-07-01,ANL-008
AL-A6938028,ENT-08,high,data_exfiltration,escalated,True,2026-05-30T14:45:05,2026-05-30T16:27:17,102.2,Despite identify ok he eye kid yeah establish share its fish do.,AST-ENT-08-03,ANL-004
AL-EC583314,ENT-05,low,phishing,closed,False,2026-06-06T07:55:03,2026-06-06T08:10:45,15.7,Like thus model live inside truth all teach decade economy factor perhaps and everyone.,AST-ENT-05-05,ANL-004
AL-3E6032B1,ENT-02,high,data_exfiltration,open,False,2026-02-01T12:23:04,,,Sure exist every well cover part mean few in drug stuff million picture deal run movie.,AST-ENT-02-02,ANL-014
AL-D6306661,ENT-05,high,policy_violation,escalated,True,2026-03-07T17:41:23,2026-03-07T18:38:11,56.8,Prepare majority parent why blood clearly single citizen third head eye student.,AST-ENT-05-06,ANL-016
AL-A6FF50F6,ENT-10,medium,data_exfiltration,escalated,True,2026-06-11T06:23:51,2026-06-11T07:46:21,82.5,Possible into contain amount government ball recognize between anyone listen across.,AST-ENT-10-02,ANL-022
AL-42F7DBE7,ENT-04,high,data_exfiltration,escalated,True,2026-01-20T15:44:50,2026-01-20T17:10:56,86.1,Investigated and closed. False positive.,AST-ENT-04-11,ANL-017
AL-DD18CC47,ENT-06,low,data_exfiltration,open,False,2026-04-02T17:57:05,,,Significant do bed scene two move state final energy if.,AST-ENT-06-16,ANL-011
AL-698BD5EE,ENT-03,medium,data_exfiltration,closed,False,2026-03-25T19:32:52,2026-03-25T20:47:52,75.0,Which activity structure five call house second business offer skin bag eat tax call.,AST-ENT-03-12,ANL-020
AL-047CAA48,ENT-12,low,data_exfiltration,open,False,2026-03-28T01:21:52,,,In sense military explain each security teacher test provide cultural mention determine result be show sure.,AST-ENT-12-17,ANL-002
AL-743FBBF4,ENT-09,low,phishing,escalated,True,2026-02-08T21:30:47,2026-02-08T22:15:53,45.1,Happen determine marriage bar suffer paper court always voice each store significant early sell north.,AST-ENT-09-04,ANL-011
AL-61C44150,ENT-04,high,insider_threat,closed,False,2026-06-12T16:58:12,2026-06-12T17:22:30,24.3,Investigated and closed. False positive.,AST-ENT-04-09,ANL-012
AL-A539036A,ENT-05,critical,unauthorized_access,escalated,True,2026-04-21T15:46:43,2026-04-21T16:15:13,28.5,Talk ever five property meet truth edge bill town red three international large.,AST-ENT-05-01,ANL-007
AL-162642EE,ENT-01,low,policy_violation,open,False,2026-04-14T10:46:20,,,West theory American doctor hour check now sound gun art ok single situation feel.,AST-ENT-01-CORE,ANL-024
AL-DF86B08A,ENT-06,critical,dos_attempt,escalated,True,2026-02-16T20:36:23,2026-02-16T21:17:41,41.3,Present election keep truth perform remember difference movement full cell carry rather against behind read a.,AST-ENT-06-CORE,ANL-018
AL-FC18D838,ENT-10,medium,dos_attempt,closed,False,2026-06-27T12:36:09,2026-06-27T14:59:51,143.7,Building prevent religious window relationship Congress car commercial color.,AST-ENT-10-03,ANL-016
AL-FDFEFD71,ENT-01,high,dos_attempt,closed,False,2026-01-11T13:56:56,2026-01-11T13:57:38,0.7,Decision prevent too drug today so long sometimes at positive mother even.,AST-ENT-01-CORE,ANL-025
AL-EBD247BF,ENT-12,high,data_exfiltration,escalated,True,2026-05-25T10:18:46,2026-05-25T11:33:28,74.7,News team purpose law themselves near become city consumer employee.,AST-ENT-12-01,ANL-010
AL-9FAB81A2,ENT-01,high,malware,closed,False,2026-05-26T05:01:33,2026-05-26T06:47:21,105.8,Hair list really thus story site different dinner interview medical will.,AST-ENT-01-12,ANL-008
AL-85223002,ENT-06,medium,dos_attempt,closed,False,2026-05-27T18:30:40,2026-05-27T20:44:40,134.0,Realize both grow not without last yes out as future Mrs couple happy you most when.,AST-ENT-06-CORE,ANL-005
AL-F25CE85D,ENT-10,low,unauthorized_access,closed,False,2026-03-10T13:59:27,2026-03-10T14:09:33,10.1,Few skin though compare interest road a week.,AST-ENT-10-20,ANL-016
AL-E4B04E95,ENT-10,high,insider_threat,escalated,True,2026-01-24T02:05:24,2026-01-24T03:01:00,55.6,Lot arm form development ask traditional anyone sea rate.,AST-ENT-10-06,ANL-010
AL-536BF551,ENT-07,low,dos_attempt,closed,False,2026-05-28T10:39:13,2026-05-28T10:53:07,13.9,Simple job describe capital develop opportunity throw big beyond responsibility one various move.,AST-ENT-07-03,ANL-007
AL-8A519CA6,ENT-04,medium,unauthorized_access,open,False,2026-02-20T18:40:28,,,Fund dinner language information tell tonight according sometimes natural purpose respond hand goal term.,AST-ENT-04-07,ANL-024
AL-59D3F082,ENT-03,high,data_exfiltration,closed,False,2026-04-24T12:24:54,2026-04-24T14:14:36,109.7,Cause key describe give result husband early good sometimes art according free focus.,AST-ENT-03-CORE,ANL-019
AL-17E85FDA,ENT-12,medium,phishing,escalated,True,2026-02-28T04:39:50,2026-02-28T07:27:38,167.8,Talk firm study quite perhaps institution trip attack area attack then.,AST-ENT-12-09,ANL-005
AL-2D36660F,ENT-04,critical,phishing,closed,False,2026-05-08T22:44:25,2026-05-08T23:45:55,61.5,Investigated and closed. False positive.,AST-ENT-04-CORE,ANL-025
AL-E8E78641,ENT-09,low,data_exfiltration,closed,False,2026-05-03T08:15:36,2026-05-03T09:07:30,51.9,System policy education true three theory outside.,AST-ENT-09-12,ANL-014
AL-0AFB70C6,ENT-03,low,unauthorized_access,closed,False,2026-04-12T06:42:14,2026-04-12T07:00:20,18.1,Now community Mr teach voice meeting she.,AST-ENT-03-19,ANL-005
AL-150D72E2,ENT-04,medium,dos_attempt,open,False,2026-04-28T00:40:43,,,Reviewed alert. No further action required.,AST-ENT-04-01,ANL-015
AL-F54B530A,ENT-09,critical,policy_violation,open,False,2026-04-12T10:45:20,,,Similar cover population thing really unit recognize especially ask.,AST-ENT-09-14,ANL-025
AL-2A72FE94,ENT-09,medium,policy_violation,closed,False,2026-04-21T12:47:07,2026-04-21T14:42:55,115.8,Various question old listen heavy report its sign I lay fast parent rich.,AST-ENT-09-14,ANL-007
AL-718E12A9,ENT-01,medium,data_exfiltration,open,False,2026-05-29T19:06:50,,,Reason call traditional boy song success difficult.,AST-ENT-01-05,ANL-014
AL-BB68AFD2,ENT-02,high,insider_threat,escalated,True,2026-06-19T08:59:01,2026-06-19T10:41:43,102.7,Color sing should artist later move it state series value tax concern new threat think maybe.,AST-ENT-02-06,ANL-025
AL-00A95436,ENT-09,high,dos_attempt,escalated,True,2026-06-15T20:57:56,2026-06-15T22:16:26,78.5,Evidence station many boy west data arm population rise write floor inside.,AST-ENT-09-08,ANL-013
AL-6A00645F,ENT-01,critical,malware,closed,False,2026-04-07T22:24:49,2026-04-07T22:28:37,3.8,Continue human central skill he high few land both two add thank.,AST-ENT-01-09,ANL-020
AL-D86DA14B,ENT-01,medium,dos_attempt,escalated,True,2026-06-06T15:15:41,2026-06-06T16:04:41,49.0,Operation send drug relationship tax every late difficult thing theory enough moment put price no certainly.,AST-ENT-01-09,ANL-022
AL-27239528,ENT-10,low,phishing,open,False,2026-05-02T07:27:15,,,Wait financial allow form past opportunity central start trial region industry dinner sound way.,AST-ENT-10-11,ANL-019
AL-09F5D61C,ENT-12,high,unauthorized_access,open,False,2026-05-24T19:41:17,,,Everybody clearly discussion discuss role off control institution.,AST-ENT-12-19,ANL-008
AL-02B0CB31,ENT-05,high,data_exfiltration,closed,False,2026-02-16T03:36:48,2026-02-16T03:42:06,5.3,Most stop must win fly join soldier career small adult meet huge by once collection.,AST-ENT-05-17,ANL-012
AL-D53B6DCE,ENT-06,medium,dos_attempt,escalated,True,2026-04-29T10:04:59,2026-04-29T12:39:59,155.0,Fly strong end responsibility people protect eat project.,AST-ENT-06-15,ANL-003
AL-691476AD,ENT-04,medium,insider_threat,closed,False,2026-05-07T01:41:34,2026-05-07T02:12:34,31.0,Reviewed alert. No further action required.,AST-ENT-04-07,ANL-014
AL-0D39156F,ENT-12,medium,insider_threat,closed,False,2026-02-19T22:08:57,2026-02-20T00:18:09,129.2,Type member shake impact main a result run in provide teach street natural.,AST-ENT-12-01,ANL-004
AL-93874A33,ENT-03,medium,malware,open,False,2026-04-16T21:29:26,,,Relationship much before medical turn present message others short.,AST-ENT-03-04,ANL-019
AL-06877A2B,ENT-02,medium,policy_violation,closed,False,2026-05-05T19:16:01,2026-05-05T21:02:19,106.3,Move shake particularly government stop catch large final medical not weight gas difference.,AST-ENT-02-05,ANL-009
AL-E2EC6114,ENT-09,critical,data_exfiltration,escalated,True,2026-03-14T04:49:41,2026-03-14T05:52:59,63.3,Ever position local leader good anyone among police.,AST-ENT-09-20,ANL-009
AL-C48F8890,ENT-12,medium,data_exfiltration,closed,False,2026-02-27T02:04:42,2026-02-27T04:46:24,161.7,Significant movement bad decide perform money Mrs point really major own gas performance.,AST-ENT-12-17,ANL-024
AL-3951EFC3,ENT-02,low,insider_threat,open,False,2026-04-23T16:48:01,,,All piece daughter head reach answer even.,AST-ENT-02-11,ANL-003
AL-9E577495,ENT-11,medium,phishing,closed,False,2026-06-10T03:26:09,2026-06-10T04:39:27,73.3,Range perhaps meet station history away top sister.,AST-ENT-11-04,ANL-009
AL-7A95BCDA,ENT-05,low,dos_attempt,open,False,2026-01-31T03:31:42,,,Brother drug market cup loss finally he civil.,AST-ENT-05-01,ANL-005
AL-BE0731D2,ENT-06,medium,data_exfiltration,open,False,2026-04-13T15:02:28,,,Discussion tree score everyone skill speech recently situation really state away.,AST-ENT-06-20,ANL-002
AL-0E76B9FB,ENT-09,high,insider_threat,escalated,True,2026-02-16T03:06:20,2026-02-16T04:03:50,57.5,Across party market dark language mean without behind once by.,AST-ENT-09-CORE,ANL-021
AL-1CA05E5D,ENT-06,medium,phishing,open,False,2026-02-28T10:20:22,,,Tonight ball action second specific us central class theory Democrat others one voice choose.,AST-ENT-06-05,ANL-014
AL-5D4F31D0,ENT-07,high,dos_attempt,escalated,True,2026-01-23T09:56:57,2026-01-23T11:53:51,116.9,Foreign memory including million role different window full real actually main door big color.,AST-ENT-07-11,ANL-013
AL-6CFC8988,ENT-07,medium,phishing,open,False,2026-05-07T08:41:35,,,Offer have fill section offer movie thank even agency quickly middle.,AST-ENT-07-10,ANL-018
AL-261DE214,ENT-07,low,insider_threat,escalated,True,2026-06-24T05:56:32,2026-06-24T06:38:14,41.7,With off fall trip writer standard institution task west sport at design care.,AST-ENT-07-04,ANL-016
AL-338EE454,ENT-12,medium,data_exfiltration,closed,False,2026-04-12T18:16:43,2026-04-12T20:24:31,127.8,Answer four deal understand system federal of blood real.,AST-ENT-12-CORE,ANL-014
AL-F4426055,ENT-09,medium,insider_threat,closed,False,2026-05-09T06:15:26,2026-05-09T07:03:38,48.2,Hotel four teach or coach result prove face always alone thing.,AST-ENT-09-CORE,ANL-005
AL-C3DD12ED,ENT-04,low,policy_violation,open,False,2026-06-20T15:46:13,,,Operation level present increase sit bit piece hold.,AST-ENT-04-08,ANL-012
AL-5AAB8913,ENT-12,low,unauthorized_access,open,False,2026-04-17T23:36:04,,,For rise enjoy soldier decision structure development she Mr price big teacher.,AST-ENT-12-19,ANL-013
AL-FD02AFE2,ENT-10,low,insider_threat,open,False,2026-04-19T14:52:55,,,Event range learn girl personal movie rich drive interest measure.,AST-ENT-10-CORE,ANL-008
AL-CB8D3568,ENT-02,medium,malware,open,False,2026-03-19T23:12:29,,,Pull third data sport imagine section measure play third white tree seek should.,AST-ENT-02-13,ANL-023
AL-A7A0F3CF,ENT-03,critical,malware,escalated,True,2026-01-06T08:51:55,2026-01-06T09:40:25,48.5,Toward life smile grow wife in civil us general lawyer across beautiful.,AST-ENT-03-07,ANL-015
AL-1C0A22A4,ENT-09,high,unauthorized_access,escalated,True,2026-05-09T05:07:58,2026-05-09T05:44:10,36.2,Name town project agency rock however simply policy least husband option contain it.,AST-ENT-09-CORE,ANL-017
AL-BC3AF837,ENT-03,high,phishing,escalated,True,2026-01-02T14:08:15,2026-01-02T15:53:57,105.7,Budget oil reduce woman least employee suggest owner already discuss member air crime morning.,AST-ENT-03-02,ANL-010
AL-32027152,ENT-12,high,dos_attempt,escalated,True,2026-05-30T16:06:46,2026-05-30T17:38:16,91.5,Argue television teacher much the yourself into common heavy store method smile.,AST-ENT-12-20,ANL-014
AL-B5C77C65,ENT-06,high,insider_threat,escalated,True,2026-05-06T22:01:32,2026-05-06T22:39:08,37.6,Form those network crime focus parent enough provide least natural according rather any.,AST-ENT-06-02,ANL-009
AL-5AFDB186,ENT-08,medium,data_exfiltration,closed,False,2026-01-12T17:14:14,2026-01-12T19:37:26,143.2,Protect above wife minute sort because begin car move surface federal carry machine recent.,AST-ENT-08-06,ANL-007
AL-B9350DFC,ENT-07,medium,dos_attempt,open,False,2026-02-22T10:02:41,,,Of quality thousand once physical nature cell work ability response.,AST-ENT-07-18,ANL-020
AL-295D9455,ENT-08,low,unauthorized_access,open,False,2026-05-17T20:44:51,,,Your college political budget exist answer report bar friend former in professional whole control at.,AST-ENT-08-13,ANL-020
AL-A7296FA2,ENT-10,low,unauthorized_access,closed,False,2026-05-20T07:55:14,2026-05-20T08:37:02,41.8,Develop subject down north property beat voice long early herself actually see or.,AST-ENT-10-07,ANL-003
AL-CC1267C6,ENT-01,high,dos_attempt,closed,False,2026-05-27T19:55:26,2026-05-27T21:43:02,107.6,Order matter campaign reveal rich despite offer.,AST-ENT-01-16,ANL-018
AL-22264A3B,ENT-01,medium,phishing,open,False,2026-01-22T05:20:22,,,Class nothing soon data budget main may happen newspaper happy subject success traditional.,AST-ENT-01-14,ANL-017
AL-2221CE14,ENT-04,low,policy_violation,open,False,2026-06-04T10:29:28,,,Reviewed alert. No further action required.,AST-ENT-04-18,ANL-008
AL-A807DA39,ENT-08,medium,unauthorized_access,open,False,2026-05-05T20:23:22,,,Night recognize record imagine seven thing office thousand security child.,AST-ENT-08-10,ANL-010
AL-E88A85EE,ENT-01,high,policy_violation,escalated,True,2026-02-10T23:44:49,2026-02-11T00:56:13,71.4,Adult collection with project author term many carry product.,AST-ENT-01-16,ANL-004
AL-53370DEC,ENT-07,critical,dos_attempt,escalated,True,2026-05-23T04:31:50,2026-05-23T04:50:08,18.3,Agency level debate factor his likely effort computer business sea occur name practice.,AST-ENT-07-CORE,ANL-008
AL-8E952719,ENT-08,high,dos_attempt,escalated,True,2026-05-25T01:19:02,2026-05-25T02:19:26,60.4,Beautiful less until computer budget range opportunity tonight him decide teach.,AST-ENT-08-19,ANL-002
AL-CD3B57EA,ENT-05,medium,unauthorized_access,open,False,2026-06-02T01:13:41,,,Exist someone raise almost talk ok spend speak expect situation perhaps sense.,AST-ENT-05-04,ANL-011
AL-2136A8D4,ENT-07,medium,unauthorized_access,open,False,2026-04-23T16:28:00,,,Produce travel forget explain usually direction administration record.,AST-ENT-07-04,ANL-005
AL-21353068,ENT-12,medium,insider_threat,open,False,2026-04-04T09:38:40,,,Ahead yourself say audience save spring once send gun instead bad ready our nothing.,AST-ENT-12-13,ANL-007
AL-FE4029BD,ENT-04,high,unauthorized_access,closed,False,2026-03-28T13:55:41,2026-03-28T14:26:47,31.1,All college either test create should degree house control wife business one smile his.,AST-ENT-04-19,ANL-018
AL-C6D915F5,ENT-06,medium,dos_attempt,closed,False,2026-03-31T11:11:15,2026-03-31T13:57:39,166.4,Wife year really suggest soon become enter talk south.,AST-ENT-06-16,ANL-020
AL-F82946E8,ENT-12,medium,insider_threat,closed,False,2026-05-25T17:21:47,2026-05-25T19:35:35,133.8,Here produce or coach similar vote movement control though moment clearly movie.,AST-ENT-12-02,ANL-013
AL-E05A34DA,ENT-06,medium,unauthorized_access,open,False,2026-06-25T15:39:53,,,He can most political positive investment study.,AST-ENT-06-11,ANL-022
AL-560011F7,ENT-08,medium,unauthorized_access,closed,False,2026-06-03T04:40:23,2026-06-03T07:10:23,150.0,College size number box simply east own rule.,AST-ENT-08-07,ANL-024
AL-5C04CA42,ENT-02,low,insider_threat,open,False,2026-06-11T17:03:04,,,Huge bit its fight since a avoid choice media.,AST-ENT-02-11,ANL-003
AL-1B714CB8,ENT-07,medium,data_exfiltration,closed,False,2026-01-25T15:21:03,2026-01-25T18:20:57,179.9,Mouth least participant western box final message international environment training mission.,AST-ENT-07-12,ANL-018
AL-BC09B6AA,ENT-05,low,policy_violation,closed,False,2026-02-20T13:25:15,2026-02-20T13:53:57,28.7,Since final American lawyer subject no after.,AST-ENT-05-07,ANL-002
AL-F027605D,ENT-10,critical,data_exfiltration,escalated,True,2026-02-23T03:49:57,2026-02-23T04:48:03,58.1,You real term all agency right figure son guess result other mother husband.,AST-ENT-10-12,ANL-010
AL-9DE93304,ENT-05,critical,unauthorized_access,open,False,2026-06-05T11:12:25,,,Officer discussion hear vote structure western account once southern cost together section yet.,AST-ENT-05-11,ANL-002
AL-7570D838,ENT-04,medium,policy_violation,open,False,2026-06-05T16:05:38,,,Speech film film information school her charge book beautiful so item.,AST-ENT-04-CORE,ANL-002
AL-D3A7B459,ENT-05,critical,dos_attempt,escalated,True,2026-06-05T15:21:24,2026-06-05T16:25:12,63.8,Once community church whatever easy community whatever.,AST-ENT-05-04,ANL-023
AL-84D86D22,ENT-06,high,unauthorized_access,escalated,True,2026-03-17T23:17:15,2026-03-18T00:49:39,92.4,Process move actually hot church recently bed.,AST-ENT-06-01,ANL-014
AL-724A124A,ENT-08,low,unauthorized_access,open,False,2026-06-18T22:21:48,,,In threat difference forget outside allow what.,AST-ENT-08-14,ANL-001
AL-9D159F2E,ENT-05,high,policy_violation,closed,False,2026-04-17T15:46:55,2026-04-17T15:47:55,1.0,Individual nothing exactly life cup its relationship as activity.,AST-ENT-05-18,ANL-020
AL-319DDFEE,ENT-04,medium,insider_threat,closed,False,2026-01-02T00:42:25,2026-01-02T03:04:43,142.3,Start forget half act build deal join development morning relationship against two newspaper put.,AST-ENT-04-17,ANL-001
AL-77A475C3,ENT-09,medium,insider_threat,open,False,2026-04-08T14:37:42,,,Feeling than prevent too control skin fall management.,AST-ENT-09-11,ANL-007
AL-FF17CAFB,ENT-12,critical,malware,escalated,True,2026-05-09T21:18:28,2026-05-09T22:12:22,53.9,Perhaps down deal probably appear positive those catch option those yeah son test new across evidence.,AST-ENT-12-06,ANL-008
AL-67375283,ENT-10,medium,unauthorized_access,open,False,2026-05-16T03:57:29,,,Industry figure improve maintain night audience off through.,AST-ENT-10-CORE,ANL-017
AL-9B42E1A5,ENT-12,medium,unauthorized_access,open,False,2026-04-24T09:12:44,,,Around officer field though soldier away color your without form space style win book leave serious.,AST-ENT-12-14,ANL-025
AL-D22EFF72,ENT-03,medium,unauthorized_access,closed,False,2026-05-02T02:48:51,2026-05-02T03:40:15,51.4,Color involve thing year reflect run sort those.,AST-ENT-03-11,ANL-011
AL-FA39653D,ENT-07,low,insider_threat,open,False,2026-04-07T22:11:41,,,Raise group increase good foot child through technology employee show open.,AST-ENT-07-10,ANL-019
AL-2E670643,ENT-05,low,dos_attempt,escalated,True,2026-04-02T12:59:46,2026-04-02T13:40:40,40.9,Other dinner themselves personal fine score environmental.,AST-ENT-05-02,ANL-025
AL-6137C402,ENT-05,high,dos_attempt,escalated,True,2026-01-06T01:56:00,2026-01-06T02:27:36,31.6,Student behavior wear develop system reason information again more left probably.,AST-ENT-05-CORE,ANL-023
AL-8E62A66D,ENT-02,medium,policy_violation,closed,False,2026-03-21T20:16:52,2026-03-21T22:50:16,153.4,Back tough travel same news election maintain dog.,AST-ENT-02-02,ANL-023
AL-5EE24B2B,ENT-06,high,malware,open,False,2026-05-28T17:34:48,,,Commercial line hot administration almost card admit person.,AST-ENT-06-20,ANL-003
AL-FF18E7BB,ENT-07,high,unauthorized_access,open,False,2026-06-08T19:32:23,,,Enjoy memory in modern technology where rate human character order race Congress very skill.,AST-ENT-07-02,ANL-004
AL-F810D983,ENT-07,low,data_exfiltration,open,False,2026-03-19T00:38:02,,,Rate join recognize try clear travel staff will reflect.,AST-ENT-07-CORE,ANL-022
AL-84DAB761,ENT-06,critical,unauthorized_access,open,False,2026-04-05T00:42:07,,,Avoid early for kind enter report why rule half best speech.,AST-ENT-06-16,ANL-016
AL-4F4A936D,ENT-08,medium,phishing,closed,False,2026-06-23T01:46:01,2026-06-23T02:33:25,47.4,Already fire eight school not affect work I throughout day science cell career carry.,AST-ENT-08-CORE,ANL-022
AL-DFAA4254,ENT-06,critical,insider_threat,escalated,True,2026-01-28T12:22:06,2026-01-28T13:20:00,57.9,Picture within read table window bed reason which coach Mrs girl environmental himself will.,AST-ENT-06-14,ANL-012
AL-FD5AC91A,ENT-12,high,insider_threat,open,False,2026-01-29T11:02:49,,,Citizen air whether produce tree environment fund management can source.,AST-ENT-12-12,ANL-019
AL-03E2D3C6,ENT-05,medium,data_exfiltration,open,False,2026-04-23T07:16:57,,,Guy send into front already relationship know trip option early.,AST-ENT-05-02,ANL-013
AL-689E0E4E,ENT-04,low,dos_attempt,closed,False,2026-03-31T20:17:34,2026-03-31T20:30:10,12.6,"Checked logs, closing as non-issue.",AST-ENT-04-CORE,ANL-006
AL-C96B136D,ENT-02,low,data_exfiltration,closed,False,2026-03-29T00:51:28,2026-03-29T01:19:46,28.3,More PM guy out election law especially.,AST-ENT-02-18,ANL-023
AL-3576D92B,ENT-04,high,dos_attempt,escalated,True,2026-02-10T17:44:48,2026-02-10T19:25:42,100.9,Investigated and closed. False positive.,AST-ENT-04-10,ANL-010
AL-487D246C,ENT-01,critical,dos_attempt,open,False,2026-02-14T00:33:10,,,Consider by animal building attorney success simple main her year none lay.,AST-ENT-01-01,ANL-007
AL-A89004FF,ENT-05,medium,insider_threat,closed,False,2026-03-24T02:41:44,2026-03-24T03:30:32,48.8,In open edge Congress actually surface college class two beautiful now company activity add reduce.,AST-ENT-05-06,ANL-007
AL-F97C3BEC,ENT-08,low,insider_threat,open,False,2026-04-18T11:56:49,,,Song investment help road home inside drive laugh event know amount human century increase unit industry.,AST-ENT-08-07,ANL-012
AL-2DBAEC00,ENT-05,high,policy_violation,open,False,2026-05-14T09:08:02,,,Mouth good somebody value if series writer language.,AST-ENT-05-10,ANL-013
AL-61A3CD49,ENT-05,medium,policy_violation,open,False,2026-06-21T00:31:45,,,How popular program against identify red thought.,AST-ENT-05-01,ANL-017
AL-24500BCE,ENT-08,high,dos_attempt,closed,False,2026-04-18T23:43:28,2026-04-19T00:30:10,46.7,All floor than onto contain compare head.,AST-ENT-08-01,ANL-006
AL-245EF60C,ENT-03,medium,dos_attempt,open,False,2026-02-05T05:43:08,,,Mission leader ahead rich second compare worker camera same understand.,AST-ENT-03-15,ANL-015
AL-04072F89,ENT-01,medium,dos_attempt,open,False,2026-05-11T17:10:16,,,Me individual though imagine how able worker arm resource.,AST-ENT-01-CORE,ANL-004
AL-4D2B41B4,ENT-07,high,insider_threat,escalated,True,2026-01-13T23:12:50,2026-01-14T00:48:08,95.3,Card right detail listen late me often wonder this direction.,AST-ENT-07-04,ANL-004
AL-E12E2A9A,ENT-09,high,malware,closed,False,2026-03-06T19:21:56,2026-03-06T20:00:44,38.8,Worker ready take property recognize expert general manage note teach carry break mind recently appear.,AST-ENT-09-CORE,ANL-005
AL-F6CBDB7A,ENT-02,high,insider_threat,escalated,True,2026-01-15T20:51:36,2026-01-15T22:47:12,115.6,Provide pick across know fear carry technology against environmental little share.,AST-ENT-02-18,ANL-023
AL-7DFD041B,ENT-07,high,phishing,escalated,True,2026-01-09T21:49:11,2026-01-09T22:54:41,65.5,Close information lose up decide support kitchen record himself consider opportunity.,AST-ENT-07-02,ANL-023
AL-FEB6CE13,ENT-02,medium,data_exfiltration,closed,False,2026-01-19T21:52:07,2026-01-20T00:49:49,177.7,Blood herself simply move enter firm society coach policy south then force color structure worry.,AST-ENT-02-17,ANL-019
AL-FB663195,ENT-10,medium,dos_attempt,closed,False,2026-03-30T06:47:44,2026-03-30T08:16:50,89.1,Grow north radio maintain kind factor sure.,AST-ENT-10-10,ANL-003
AL-567E8B03,ENT-05,medium,policy_violation,escalated,True,2026-03-23T20:03:55,2026-03-23T21:29:19,85.4,Decade nature TV live reality group by throw issue mean little appear.,AST-ENT-05-08,ANL-004
AL-D04D5DCB,ENT-01,medium,insider_threat,open,False,2026-06-18T07:32:35,,,Compare result over cost risk task six gas rest whom good throw process.,AST-ENT-01-15,ANL-017
AL-779B7B6D,ENT-06,medium,malware,closed,False,2026-05-20T00:59:59,2026-05-20T03:54:35,174.6,Born likely team accept plant west even develop box third month tell serve TV bill.,AST-ENT-06-17,ANL-007
AL-228A0A39,ENT-01,medium,phishing,closed,False,2026-05-23T17:46:19,2026-05-23T20:09:37,143.3,Notice less win cold real high might remember seek significant true long.,AST-ENT-01-09,ANL-015
AL-5AA03221,ENT-04,critical,data_exfiltration,open,False,2026-05-08T22:18:36,,,Man chance dog next instead make important college vote series see.,AST-ENT-04-19,ANL-005
AL-9BCAD6A0,ENT-04,medium,malware,closed,False,2026-01-15T14:24:42,2026-01-15T15:29:36,64.9,Investigated and closed. False positive.,AST-ENT-04-14,ANL-012
AL-E8E18F0C,ENT-10,critical,insider_threat,escalated,True,2026-06-29T04:34:10,2026-06-29T05:03:46,29.6,Party so road prevent strategy local expect pass person arm claim than blood buy evidence.,AST-ENT-10-15,ANL-004
AL-0C468E18,ENT-03,medium,unauthorized_access,closed,False,2026-02-21T06:53:28,2026-02-21T08:52:52,119.4,Human reason college various charge along organization single door throw increase career number cultural when.,AST-ENT-03-08,ANL-016
AL-813E7D56,ENT-05,low,unauthorized_access,open,False,2026-06-09T17:35:39,,,Group American special town south general wind box those difficult.,AST-ENT-05-04,ANL-025
AL-2F6C3D8D,ENT-10,high,policy_violation,escalated,True,2026-03-23T15:00:38,2026-03-23T15:41:38,41.0,List modern above meet participant during significant practice sign particular despite stop edge during.,AST-ENT-10-CORE,ANL-004
AL-051D032E,ENT-10,high,phishing,escalated,True,2026-04-23T18:27:22,2026-04-23T19:20:46,53.4,Image during year customer behind others wonder hand good stand seat send.,AST-ENT-10-10,ANL-005
AL-BAF86867,ENT-06,high,phishing,escalated,True,2026-05-14T13:23:04,2026-05-14T14:05:04,42.0,Force serve heavy able discussion add see available movement administration.,AST-ENT-06-10,ANL-010
AL-1D7C1D38,ENT-06,medium,dos_attempt,escalated,True,2026-06-12T18:22:29,2026-06-12T20:18:47,116.3,Born prevent allow yes sometimes public city adult difficult.,AST-ENT-06-04,ANL-019
AL-3670B1DD,ENT-06,medium,dos_attempt,closed,False,2026-02-08T15:21:40,2026-02-08T17:53:46,152.1,Social safe easy fly need local win new less many particularly head sit activity building effort.,AST-ENT-06-08,ANL-006
AL-83727ABC,ENT-07,medium,insider_threat,closed,False,2026-01-15T23:08:14,2026-01-16T01:05:08,116.9,Behind ten pass force player everybody idea.,AST-ENT-07-04,ANL-024
AL-0F7D1164,ENT-12,medium,phishing,closed,False,2026-04-06T14:41:11,2026-04-06T16:17:23,96.2,Outside city me performance ever remain whole beautiful rate relationship fact money.,AST-ENT-12-13,ANL-003
AL-4326A21A,ENT-09,medium,phishing,closed,False,2026-02-10T02:52:03,2026-02-10T05:19:39,147.6,Chair answer center tax cell far face describe.,AST-ENT-09-CORE,ANL-023
AL-D6CA3D5B,ENT-06,medium,dos_attempt,open,False,2026-05-18T09:18:07,,,Give spring manage far focus specific word opportunity case five section while example experience.,AST-ENT-06-02,ANL-010
AL-AC017B0B,ENT-05,low,phishing,closed,False,2026-05-26T21:19:57,2026-05-26T21:49:09,29.2,Relationship public himself class common employee seem rate idea challenge late never.,AST-ENT-05-02,ANL-004
AL-1C4F12D1,ENT-01,high,unauthorized_access,closed,False,2026-01-07T10:15:13,2026-01-07T10:38:13,23.0,Class approach necessary past Mr personal stuff director production choice edge everyone maintain everything.,AST-ENT-01-17,ANL-018
AL-6A2BB075,ENT-08,low,phishing,closed,False,2026-03-28T04:23:13,2026-03-28T04:37:43,14.5,Him account against amount family your TV born development would her.,AST-ENT-08-07,ANL-008
AL-BF936365,ENT-07,critical,dos_attempt,escalated,True,2026-06-01T03:24:13,2026-06-01T03:59:19,35.1,Director a light drop do education guess her school base rather factor stop chance behavior.,AST-ENT-07-10,ANL-004
AL-FE0FF18F,ENT-07,critical,dos_attempt,open,False,2026-03-19T17:43:54,,,Do meeting which similar decade also north become next two product politics you.,AST-ENT-07-05,ANL-009
AL-E8EBA9E1,ENT-03,medium,phishing,closed,False,2026-04-11T15:18:41,2026-04-11T17:48:29,149.8,Where follow through friend the play federal stock amount health buy country nice ability.,AST-ENT-03-04,ANL-003
AL-65ED3D91,ENT-06,medium,data_exfiltration,escalated,True,2026-04-05T06:50:24,2026-04-05T09:27:54,157.5,Me medical apply shoulder it amount rest.,AST-ENT-06-14,ANL-015
AL-624129EC,ENT-06,medium,unauthorized_access,escalated,True,2026-05-05T07:43:22,2026-05-05T10:36:10,172.8,Be yard I ahead to face anyone without recognize upon chair pay section attack society scientist.,AST-ENT-06-12,ANL-003
AL-2B1FB94F,ENT-03,low,malware,closed,False,2026-05-23T02:38:23,2026-05-23T03:11:29,33.1,Total ability decade design article adult million eat factor research idea dream.,AST-ENT-03-07,ANL-012
AL-F8B34FEA,ENT-08,critical,phishing,escalated,True,2026-01-26T08:23:57,2026-01-26T08:44:51,20.9,Day myself arrive food lose talk this so.,AST-ENT-08-03,ANL-021
AL-5FF59E09,ENT-10,high,phishing,escalated,True,2026-02-08T01:31:24,2026-02-08T01:53:00,21.6,Behind myself color message exactly buy court beautiful box recent significant watch present summer lose quality.,AST-ENT-10-05,ANL-010
AL-A4002DFB,ENT-08,high,policy_violation,open,False,2026-05-16T04:41:48,,,Study know site brother fast series cultural pass treatment turn prove.,AST-ENT-08-14,ANL-021
AL-32A7FFF4,ENT-02,medium,malware,escalated,True,2026-02-09T22:55:42,2026-02-10T01:29:42,154.0,Benefit claim recognize book near arm themselves institution again read collection able accept view security.,AST-ENT-02-02,ANL-002
AL-094BFEE9,ENT-03,high,dos_attempt,escalated,True,2026-06-27T10:26:42,2026-06-27T11:34:36,67.9,Performance both week cover stay them wide.,AST-ENT-03-14,ANL-011
AL-8758CD1B,ENT-05,critical,dos_attempt,closed,False,2026-04-24T18:30:47,2026-04-24T18:33:41,2.9,Item drop new music when allow huge upon employee choose glass rock stage.,AST-ENT-05-15,ANL-001
AL-3F6D9202,ENT-10,low,insider_threat,open,False,2026-02-28T05:01:54,,,Environment already summer financial own argue live clear ground fast middle four.,AST-ENT-10-04,ANL-017
AL-C3553082,ENT-06,low,phishing,escalated,True,2026-01-12T01:00:36,2026-01-12T01:52:18,51.7,Learn eat consumer travel now if staff region economic heavy.,AST-ENT-06-15,ANL-017
AL-FD28EFB8,ENT-09,medium,unauthorized_access,open,False,2026-05-25T02:51:04,,,Process behind town red friend analysis race much environment interesting nature painting debate.,AST-ENT-09-01,ANL-003
AL-73EEFB48,ENT-04,high,dos_attempt,escalated,True,2026-01-10T06:33:35,2026-01-10T06:54:47,21.2,Stop production official police gun already window board member may low feeling certainly dog.,AST-ENT-04-18,ANL-005
AL-20C08E10,ENT-12,low,malware,closed,False,2026-04-20T04:32:56,2026-04-20T05:06:56,34.0,Remain administration health card identify within only admit politics.,AST-ENT-12-16,ANL-016
AL-D09ED1B3,ENT-09,critical,policy_violation,open,False,2026-05-15T15:16:51,,,Long during anyone box manage policy box traditional forget seat benefit.,AST-ENT-09-16,ANL-003
AL-E0D614DB,ENT-05,high,data_exfiltration,open,False,2026-06-27T06:38:23,,,Sign institution leg center group kid agree data step less gun south.,AST-ENT-05-14,ANL-002
AL-406868D8,ENT-03,medium,insider_threat,closed,False,2026-01-14T08:49:23,2026-01-14T09:58:53,69.5,Purpose inside personal firm different candidate important prepare owner feel.,AST-ENT-03-17,ANL-012
AL-D99D21CD,ENT-01,medium,policy_violation,closed,False,2026-04-03T16:08:38,2026-04-03T17:10:14,61.6,Laugh officer hundred food could life born treat population another shake record spring sport.,AST-ENT-01-15,ANL-014
AL-DCDAC9B1,ENT-05,medium,data_exfiltration,escalated,True,2026-05-18T21:33:04,2026-05-18T23:09:28,96.4,Foot recognize despite painting camera red yard manage must beautiful thus brother hold girl answer.,AST-ENT-05-CORE,ANL-016
AL-336D5E83,ENT-08,medium,policy_violation,open,False,2026-04-25T07:49:51,,,Concern line discussion if similar free concern himself where he forward suggest.,AST-ENT-08-18,ANL-004
AL-0932112A,ENT-12,medium,policy_violation,escalated,True,2026-03-15T22:42:35,2026-03-16T00:24:11,101.6,Safe off store little chair discuss player ball local today raise.,AST-ENT-12-09,ANL-011
AL-4110127F,ENT-12,low,malware,closed,False,2026-04-30T15:32:33,2026-04-30T15:46:09,13.6,That just drop some money hundred section bit generation end indicate administration.,AST-ENT-12-20,ANL-017
AL-F84859D8,ENT-01,medium,insider_threat,escalated,True,2026-06-05T10:55:51,2026-06-05T11:41:45,45.9,Industry sound condition across reason leader government cost eight work.,AST-ENT-01-20,ANL-005
AL-884B4508,ENT-01,high,malware,escalated,True,2026-06-07T05:31:27,2026-06-07T06:55:21,83.9,Short pull form even now provide office heavy world opportunity late market source art sound.,AST-ENT-01-13,ANL-013
AL-3A505684,ENT-04,medium,policy_violation,open,False,2026-03-30T20:34:08,,,Reviewed alert. No further action required.,AST-ENT-04-03,ANL-020
AL-4B676C8F,ENT-02,low,policy_violation,open,False,2026-02-22T20:19:36,,,Sport reveal trouble else third leg simply big true politics real fly employee.,AST-ENT-02-01,ANL-018
AL-BA8D0C19,ENT-01,high,policy_violation,escalated,True,2026-06-20T23:56:51,2026-06-21T01:22:57,86.1,Few note summer high ask rich development.,AST-ENT-01-08,ANL-005
AL-B60CA913,ENT-09,medium,phishing,escalated,True,2026-02-28T11:57:54,2026-02-28T14:35:30,157.6,Hour move poor mention specific cell case play mind give worker set field.,AST-ENT-09-11,ANL-005
AL-85AB660B,ENT-04,medium,policy_violation,closed,False,2026-03-24T22:41:11,2026-03-25T00:09:53,88.7,Investigated and closed. False positive.,AST-ENT-04-10,ANL-018
AL-ACCE7739,ENT-03,low,dos_attempt,open,False,2026-02-06T16:51:47,,,Pick involve will game participant offer so ready born mother never look.,AST-ENT-03-01,ANL-007
AL-A68C791E,ENT-11,medium,malware,open,False,2026-05-08T14:59:23,,,Meet lay various worry science particular I help while involve open particularly election administration red.,AST-ENT-11-17,ANL-007
AL-1904E194,ENT-06,low,unauthorized_access,open,False,2026-06-06T13:33:29,,,A truth family heart card share ready among great recognize interesting may bad mouth.,AST-ENT-06-CORE,ANL-001
AL-0AE97201,ENT-12,medium,insider_threat,escalated,True,2026-06-09T22:20:45,2026-06-10T00:00:15,99.5,Word community trip bill part have leg subject within suggest subject save big as fire line.,AST-ENT-12-15,ANL-013
AL-1C6EC60C,ENT-08,medium,dos_attempt,escalated,True,2026-03-10T04:21:25,2026-03-10T05:46:19,84.9,Measure professor year body politics reflect himself factor least per later.,AST-ENT-08-01,ANL-022
AL-2286A670,ENT-07,low,policy_violation,open,False,2026-06-07T05:22:01,,,Off cell base husband account industry green five.,AST-ENT-07-CORE,ANL-001
AL-04CD17A5,ENT-02,high,insider_threat,escalated,True,2026-03-13T13:29:20,2026-03-13T14:00:26,31.1,Anyone trouble wish available talk television machine really something usually our good onto people edge great.,AST-ENT-02-14,ANL-002
AL-EBF24ADC,ENT-12,medium,data_exfiltration,closed,False,2026-04-09T01:17:58,2026-04-09T02:20:46,62.8,Pattern thousand imagine pass field should floor.,AST-ENT-12-12,ANL-012
AL-383824ED,ENT-04,low,policy_violation,open,False,2026-04-21T17:55:28,,,Reviewed alert. No further action required.,AST-ENT-04-06,ANL-003
AL-AA1692C8,ENT-03,high,policy_violation,escalated,True,2026-04-15T22:25:00,2026-04-15T23:08:18,43.3,Cold space who listen according either each approach within stay service fall skill total contain.,AST-ENT-03-09,ANL-018
AL-28591CE2,ENT-06,high,data_exfiltration,escalated,True,2026-05-03T11:17:50,2026-05-03T11:42:20,24.5,Seek eye second statement occur role office instead society sound young car imagine.,AST-ENT-06-17,ANL-024
AL-F3901CA9,ENT-12,medium,insider_threat,escalated,True,2026-03-22T16:34:59,2026-03-22T17:09:35,34.6,Everyone send total bag officer address meeting debate building return eight yes only wrong follow early.,AST-ENT-12-07,ANL-015
AL-A537BF67,ENT-07,medium,malware,closed,False,2026-03-17T16:26:58,2026-03-17T18:55:04,148.1,View within soldier surface cup movie know food seek.,AST-ENT-07-20,ANL-018
AL-B7F79BB5,ENT-08,high,unauthorized_access,escalated,True,2026-02-24T20:46:49,2026-02-24T21:39:31,52.7,Skill member trade upon enjoy light improve law run.,AST-ENT-08-19,ANL-016
AL-EC26911C,ENT-12,low,malware,open,False,2026-02-19T02:48:27,,,Military popular production live key its here five today loss.,AST-ENT-12-14,ANL-023
AL-30B7198D,ENT-01,medium,policy_violation,open,False,2026-01-11T08:19:47,,,Since him southern issue town call computer experience against recently account forward stuff peace vote meet.,AST-ENT-01-08,ANL-018
AL-8222AB6D,ENT-10,medium,data_exfiltration,closed,False,2026-06-22T11:55:23,2026-06-22T12:35:53,40.5,Year body although car recent above yeah age continue none find gas those cause less.,AST-ENT-10-20,ANL-007
AL-842B8ABE,ENT-08,critical,malware,closed,False,2026-04-05T18:06:25,2026-04-05T19:29:31,83.1,Sign answer find together claim treatment character no.,AST-ENT-08-09,ANL-016
AL-A3A2599A,ENT-03,medium,policy_violation,open,False,2026-05-23T11:53:46,,,Else memory discuss start newspaper become north occur make people note beat feeling anyone.,AST-ENT-03-CORE,ANL-001
AL-F11BF8C7,ENT-06,medium,unauthorized_access,open,False,2026-05-13T04:51:51,,,Different bed newspaper piece building nature hope picture morning exist stuff executive.,AST-ENT-06-03,ANL-020
AL-1D1D1C02,ENT-08,critical,unauthorized_access,escalated,True,2026-06-26T15:22:49,2026-06-26T16:39:07,76.3,Defense job support happy herself team could author never who also PM feeling wife price her.,AST-ENT-08-02,ANL-023
AL-045BBBD0,ENT-02,medium,malware,open,False,2026-01-20T11:21:29,,,Manager international establish politics rule pay new Republican fly foot Congress protect color success.,AST-ENT-02-12,ANL-001
AL-75A5F55E,ENT-02,high,phishing,escalated,True,2026-05-10T01:03:54,2026-05-10T02:02:42,58.8,Allow social write prepare represent today notice.,AST-ENT-02-16,ANL-008
AL-AC9D6A83,ENT-02,medium,phishing,open,False,2026-06-17T09:53:54,,,Cut difficult participant between music meet wife glass cost.,AST-ENT-02-20,ANL-020
AL-AEA6EC80,ENT-08,high,policy_violation,escalated,True,2026-06-04T18:51:30,2026-06-04T19:37:24,45.9,Property best station per toward know use tough.,AST-ENT-08-CORE,ANL-015
AL-3465102E,ENT-11,medium,data_exfiltration,open,False,2026-01-25T00:39:14,,,Last daughter start against technology clear service.,AST-ENT-11-CORE,ANL-020
AL-AADD48F4,ENT-09,medium,insider_threat,open,False,2026-01-31T05:27:02,,,Nation east weight would official order seven clear city.,AST-ENT-09-02,ANL-009
AL-69C4E46C,ENT-07,medium,policy_violation,closed,False,2026-03-22T00:00:15,2026-03-22T02:47:03,166.8,Point statement little machine suddenly start office main subject from check environmental decide.,AST-ENT-07-20,ANL-007
AL-3BC10126,ENT-02,low,unauthorized_access,open,False,2026-05-28T15:15:23,,,Performance strategy very consumer enough hit policy dinner.,AST-ENT-02-03,ANL-017
AL-D2631F79,ENT-08,medium,phishing,escalated,True,2026-04-04T20:06:21,2026-04-04T21:56:33,110.2,Teacher Congress sort speech mother push drive cell economy defense mention short event lawyer.,AST-ENT-08-18,ANL-010
AL-97D4E628,ENT-10,high,data_exfiltration,closed,False,2026-03-24T03:34:21,2026-03-24T04:17:45,43.4,Gun small Mrs career everyone role none see painting compare blue.,AST-ENT-10-19,ANL-004
AL-E1AA6401,ENT-07,critical,policy_violation,escalated,True,2026-03-16T00:21:54,2026-03-16T00:48:24,26.5,Unit success involve civil successful early if source production ground suggest special idea western energy.,AST-ENT-07-04,ANL-003
AL-E02ADB11,ENT-01,high,data_exfiltration,closed,False,2026-06-03T19:30:38,2026-06-03T19:33:56,3.3,Response marriage sure camera then during responsibility among since.,AST-ENT-01-CORE,ANL-006
AL-6F010F68,ENT-01,high,malware,open,False,2026-01-26T18:47:53,,,Late finally wait information cut three interview wrong either former age each fire determine current open.,AST-ENT-01-05,ANL-012
AL-8A50E2D5,ENT-02,medium,malware,escalated,True,2026-03-25T17:40:46,2026-03-25T20:14:28,153.7,Institution write fight share off how again about site leader rather marriage next.,AST-ENT-02-18,ANL-015
AL-75A75FB5,ENT-01,medium,malware,closed,False,2026-01-26T16:27:07,2026-01-26T18:31:31,124.4,Woman environment tell sing hospital ready push material somebody husband Republican result.,AST-ENT-01-19,ANL-019
AL-4E768DB8,ENT-05,medium,malware,closed,False,2026-03-25T15:45:45,2026-03-25T17:53:57,128.2,Mother political discover professor article best fish without morning simply thousand fast authority feeling.,AST-ENT-05-12,ANL-018
AL-61FB8B2B,ENT-07,medium,dos_attempt,open,False,2026-01-28T18:20:29,,,He word morning throw share light may far.,AST-ENT-07-16,ANL-016
AL-316C3633,ENT-09,medium,unauthorized_access,closed,False,2026-04-24T00:13:47,2026-04-24T02:40:11,146.4,Whose a fact on space not blood food performance lose charge follow owner many fast.,AST-ENT-09-06,ANL-011
AL-02DBDEF5,ENT-10,medium,insider_threat,open,False,2026-02-17T00:27:13,,,Arm hard staff husband hand teacher certain compare reveal.,AST-ENT-10-10,ANL-016
AL-2CF6C23E,ENT-04,low,dos_attempt,escalated,True,2026-06-28T04:23:09,2026-06-28T04:44:27,21.3,Investigated and closed. False positive.,AST-ENT-04-CORE,ANL-025
AL-E07FDDB1,ENT-02,medium,data_exfiltration,open,False,2026-02-04T10:54:19,,,Daughter act against culture impact kid safe but too situation.,AST-ENT-02-02,ANL-012
AL-B0B4D4B5,ENT-01,high,data_exfiltration,closed,False,2026-06-05T05:49:54,2026-06-05T06:41:30,51.6,Where receive white movement little name good subject very wait rate too recognize final.,AST-ENT-01-19,ANL-019
AL-F3C28CAB,ENT-08,medium,unauthorized_access,open,False,2026-03-04T02:16:36,,,Data career relate on finally summer administration career.,AST-ENT-08-02,ANL-020
AL-65E3ABFA,ENT-09,high,insider_threat,closed,False,2026-02-05T03:11:11,2026-02-05T04:47:59,96.8,Meeting long thank by most special describe unit.,AST-ENT-09-12,ANL-005
AL-F7640880,ENT-04,low,policy_violation,open,False,2026-01-23T17:04:21,,,Gun choice take police several speech left dinner himself child skill itself.,AST-ENT-04-10,ANL-021
AL-216FFAD4,ENT-11,low,policy_violation,closed,False,2026-06-10T02:06:59,2026-06-10T02:19:35,12.6,Poor five floor environment see order compare.,AST-ENT-11-20,ANL-005
AL-2A43BB9A,ENT-05,high,phishing,closed,False,2026-03-12T01:32:59,2026-03-12T01:34:17,1.3,Other last week simply fire radio scene in around list other leg.,AST-ENT-05-16,ANL-016
AL-3C840B59,ENT-02,low,phishing,open,False,2026-06-27T19:03:53,,,Child quality pick fund the ask choose out sort once read history serve.,AST-ENT-02-07,ANL-011
AL-14A81CEC,ENT-09,medium,unauthorized_access,open,False,2026-01-18T12:22:40,,,Person anything science any energy determine kitchen interesting drug.,AST-ENT-09-04,ANL-005
AL-23602603,ENT-10,high,phishing,escalated,True,2026-06-17T02:52:56,2026-06-17T03:38:08,45.2,Player throughout forget watch understand industry meet at deal white like various laugh long.,AST-ENT-10-01,ANL-003
AL-81D2B302,ENT-10,high,phishing,escalated,True,2026-02-21T14:59:27,2026-02-21T15:56:39,57.2,Subject ball tell argue ever anything speak concern capital position score minute night never alone defense.,AST-ENT-10-01,ANL-025
AL-E62F1DA8,ENT-03,medium,unauthorized_access,open,False,2026-03-18T09:12:22,,,Exist three event identify kid respond believe nearly environment popular administration.,AST-ENT-03-15,ANL-017
AL-8480454E,ENT-04,high,dos_attempt,open,False,2026-06-25T23:24:36,,,Investigated and closed. False positive.,AST-ENT-04-03,ANL-012
AL-25B77AAC,ENT-02,low,phishing,open,False,2026-04-22T03:13:11,,,Agree hard rise citizen or bring follow ten up.,AST-ENT-02-12,ANL-020
AL-1FED07C9,ENT-07,high,dos_attempt,escalated,True,2026-03-05T20:21:32,2026-03-05T21:47:56,86.4,When impact animal performance special environmental trouble.,AST-ENT-07-CORE,ANL-021
AL-E9C74544,ENT-11,low,dos_attempt,closed,False,2026-01-09T08:09:04,2026-01-09T08:33:52,24.8,Total effort also itself space speech compare eat no himself per card form.,AST-ENT-11-CORE,ANL-012
AL-3FFB4D4E,ENT-06,medium,unauthorized_access,closed,False,2026-05-06T21:47:52,2026-05-06T23:42:34,114.7,Our audience cup machine decide American fear contain family you every large nearly a even issue.,AST-ENT-06-11,ANL-001
AL-09345927,ENT-12,medium,data_exfiltration,open,False,2026-02-18T11:51:27,,,Film campaign dream grow behavior save listen policy star former.,AST-ENT-12-04,ANL-018
AL-7E59BD2D,ENT-10,critical,insider_threat,closed,False,2026-01-04T04:44:09,2026-01-04T05:30:33,46.4,Sign rather range station seek per strategy former bad return town.,AST-ENT-10-19,ANL-019
AL-3F6642AA,ENT-10,high,insider_threat,open,False,2026-04-20T19:57:08,,,Chance its put town south gas reality model many more network.,AST-ENT-10-15,ANL-001
AL-EE634742,ENT-07,high,data_exfiltration,escalated,True,2026-03-24T11:05:54,2026-03-24T12:13:18,67.4,Rock executive language fire magazine only bit understand wonder recognize number machine off.,AST-ENT-07-06,ANL-017
AL-AF9B10ED,ENT-03,high,malware,escalated,True,2026-06-16T08:08:02,2026-06-16T09:47:14,99.2,Interesting yourself home American age others subject operation everyone despite its three rich each knowledge.,AST-ENT-03-01,ANL-018
AL-514C74F2,ENT-01,high,dos_attempt,closed,False,2026-06-10T00:38:04,2026-06-10T00:39:46,1.7,Long food send capital decide wide describe real check weight try meet play.,AST-ENT-01-08,ANL-001
AL-7B80EC72,ENT-01,low,phishing,escalated,True,2026-06-01T15:30:55,2026-06-01T16:06:07,35.2,Already western listen avoid international throw discuss something world continue just hope share.,AST-ENT-01-13,ANL-012
AL-56073A8C,ENT-10,medium,insider_threat,escalated,True,2026-03-25T20:47:25,2026-03-25T22:15:07,87.7,Central prevent office ever than husband continue leave.,AST-ENT-10-06,ANL-009
AL-7474BE6E,ENT-03,medium,data_exfiltration,closed,False,2026-02-12T07:20:33,2026-02-12T08:58:27,97.9,Good company myself cultural expect never contain range.,AST-ENT-03-01,ANL-022
AL-C8A48216,ENT-01,low,data_exfiltration,open,False,2026-05-23T17:08:13,,,Kid issue woman range painting country different.,AST-ENT-01-15,ANL-024
AL-F04FAD09,ENT-03,low,policy_violation,escalated,True,2026-03-22T02:55:29,2026-03-22T03:27:41,32.2,Father seem too prove right old just night theory statement three forget report give mind.,AST-ENT-03-15,ANL-003
AL-B4BFB392,ENT-03,low,malware,open,False,2026-04-24T10:27:42,,,Face hotel quickly amount care meet drive main lead talk name instead.,AST-ENT-03-05,ANL-014
AL-1C2AB195,ENT-02,low,phishing,closed,False,2026-06-11T11:10:05,2026-06-11T11:45:29,35.4,Few theory street fight subject material out two activity let source.,AST-ENT-02-20,ANL-024
AL-250ED56A,ENT-11,high,phishing,open,False,2026-04-01T04:17:20,,,Over style like foreign else buy near cut also option open ever.,AST-ENT-11-CORE,ANL-010
AL-6341A97C,ENT-09,high,data_exfiltration,open,False,2026-06-09T09:32:19,,,Prove suddenly travel our tell truth data five medical research.,AST-ENT-09-14,ANL-017
AL-DDAED433,ENT-06,high,phishing,open,False,2026-02-07T01:05:32,,,Painting available some meeting general name bad.,AST-ENT-06-07,ANL-001
AL-5CB7C2CF,ENT-02,high,insider_threat,closed,False,2026-03-12T16:35:49,2026-03-12T17:06:55,31.1,Court just must suddenly wrong it notice me look return affect brother line increase poor.,AST-ENT-02-14,ANL-004
AL-916B3A49,ENT-04,critical,data_exfiltration,escalated,True,2026-05-24T00:29:55,2026-05-24T01:02:37,32.7,Beyond role the his would dark artist recognize bit.,AST-ENT-04-20,ANL-002
AL-89320EE9,ENT-10,high,malware,open,False,2026-03-26T06:03:06,,,Civil operation usually interest doctor page issue after such type our wear job.,AST-ENT-10-18,ANL-008
AL-E4166086,ENT-03,high,phishing,escalated,True,2026-05-14T09:33:27,2026-05-14T10:55:21,81.9,All fund little fine art manager carry western none activity sometimes democratic left couple single pressure.,AST-ENT-03-05,ANL-011
AL-7FE060C5,ENT-04,medium,malware,open,False,2026-03-11T20:59:22,,,Candidate dark other serve plant his loss simple movement.,AST-ENT-04-16,ANL-022
AL-A72E6445,ENT-04,critical,phishing,escalated,True,2026-05-24T14:18:11,2026-05-24T15:22:11,64.0,"Checked logs, closing as non-issue.",AST-ENT-04-15,ANL-021
AL-B0F55E88,ENT-04,medium,insider_threat,open,False,2026-04-07T15:54:32,,,"Checked logs, closing as non-issue.",AST-ENT-04-13,ANL-016
AL-6344AD3B,ENT-09,medium,phishing,open,False,2026-01-11T19:55:58,,,Method reality action recognize crime poor beat house stage college nearly political put.,AST-ENT-09-15,ANL-010
AL-C96F0139,ENT-01,high,malware,escalated,True,2026-04-06T22:25:18,2026-04-07T00:11:00,105.7,Relationship white manage soldier picture type seven move election.,AST-ENT-01-CORE,ANL-010
AL-0C997F33,ENT-02,high,phishing,escalated,True,2026-03-27T10:35:52,2026-03-27T11:46:16,70.4,Republican trip right challenge easy eat could of wait some between.,AST-ENT-02-08,ANL-016
AL-377234AE,ENT-06,medium,malware,open,False,2026-03-31T02:06:32,,,Institution speak firm approach money occur health conference.,AST-ENT-06-18,ANL-008
AL-D88EB95F,ENT-01,medium,policy_violation,closed,False,2026-03-26T23:42:47,2026-03-27T01:12:47,90.0,Meet expert human number result prevent history finish.,AST-ENT-01-05,ANL-012
AL-ED7E49F2,ENT-03,medium,dos_attempt,closed,False,2026-02-14T22:13:26,2026-02-15T00:58:14,164.8,Thus particularly right green left account serious at argue real.,AST-ENT-03-19,ANL-010
AL-53D88ABC,ENT-06,critical,insider_threat,escalated,True,2026-02-12T16:37:27,2026-02-12T17:34:57,57.5,Like almost party itself force provide father score project recently father activity perform remember character.,AST-ENT-06-02,ANL-016
AL-DFA9BE5B,ENT-04,medium,data_exfiltration,open,False,2026-04-19T14:52:35,,,Painting seem clear either size admit hundred real song poor because.,AST-ENT-04-CORE,ANL-011
AL-D22A4F20,ENT-10,low,phishing,open,False,2026-02-07T07:02:05,,,Brother save international assume from writer account sort.,AST-ENT-10-17,ANL-021
AL-89711BBD,ENT-12,medium,malware,closed,False,2026-02-08T21:49:20,2026-02-09T00:11:20,142.0,Article book six student beat say offer present choice.,AST-ENT-12-06,ANL-023
AL-C086C0DC,ENT-02,medium,dos_attempt,escalated,True,2026-03-08T23:05:13,2026-03-09T01:08:13,123.0,Born cell us speak condition cover admit real animal.,AST-ENT-02-09,ANL-013
AL-76B0CA02,ENT-04,critical,policy_violation,escalated,True,2026-04-16T18:55:15,2026-04-16T19:10:39,15.4,"Checked logs, closing as non-issue.",AST-ENT-04-15,ANL-004
AL-AEA677A2,ENT-04,medium,malware,open,False,2026-02-21T15:39:29,,,Fill front only explain themselves me condition ask might only.,AST-ENT-04-11,ANL-015
AL-34146809,ENT-08,medium,phishing,closed,False,2026-05-19T00:08:02,2026-05-19T02:22:38,134.6,Big to middle culture left ahead age southern.,AST-ENT-08-01,ANL-008
AL-58C56891,ENT-03,high,unauthorized_access,escalated,True,2026-01-16T23:45:16,2026-01-17T01:36:10,110.9,Together left unit seek more trouble enjoy forget between entire unit international set civil.,AST-ENT-03-20,ANL-005
AL-48FEAE0C,ENT-12,critical,malware,escalated,True,2026-03-21T11:48:21,2026-03-21T12:59:57,71.6,Determine next most unit kind they girl recently treat.,AST-ENT-12-CORE,ANL-020
AL-1F29E0B0,ENT-03,medium,data_exfiltration,closed,False,2026-05-28T16:17:30,2026-05-28T18:53:12,155.7,Senior go talk down story forget security law suffer but entire cultural.,AST-ENT-03-18,ANL-017
AL-198213B7,ENT-01,medium,policy_violation,open,False,2026-05-26T05:07:58,,,As until happen power probably animal agent charge task condition campaign finally floor production war.,AST-ENT-01-13,ANL-003
AL-99479EC3,ENT-03,critical,dos_attempt,escalated,True,2026-02-16T13:52:47,2026-02-16T14:19:35,26.8,On figure statement something listen Congress pay.,AST-ENT-03-08,ANL-009
AL-74986E22,ENT-01,high,malware,escalated,True,2026-01-13T16:26:28,2026-01-13T16:53:22,26.9,Manager clearly along business her generation remember million.,AST-ENT-01-19,ANL-014
AL-EDF51BE2,ENT-06,high,insider_threat,closed,False,2026-04-21T02:05:21,2026-04-21T04:00:03,114.7,Recognize defense radio decision your if else control night card drive clearly house sound who heavy.,AST-ENT-06-20,ANL-007
AL-A19EF426,ENT-10,low,unauthorized_access,open,False,2026-02-04T12:53:11,,,Though rate talk professor one low question blue.,AST-ENT-10-CORE,ANL-022
AL-00F32A64,ENT-05,low,malware,open,False,2026-04-21T15:03:30,,,Hospital everything fly operation administration something ok detail.,AST-ENT-05-CORE,ANL-003
AL-15C3824F,ENT-09,high,policy_violation,escalated,True,2026-03-29T22:10:52,2026-03-29T23:16:58,66.1,Occur well cause whatever television test go behavior mouth bag.,AST-ENT-09-16,ANL-007
AL-4A06CF69,ENT-11,low,malware,escalated,True,2026-04-12T14:30:01,2026-04-12T14:40:13,10.2,Plant very southern writer participant these TV such tend eat interview toward them instead force.,AST-ENT-11-16,ANL-003
AL-B7799559,ENT-09,medium,data_exfiltration,open,False,2026-03-15T08:52:59,,,Especially region Congress way night threat glass leg anyone do admit.,AST-ENT-09-08,ANL-017
AL-E6894424,ENT-03,critical,unauthorized_access,closed,False,2026-03-13T20:18:10,2026-03-13T21:21:34,63.4,Behavior however century Congress treat establish bank west trial.,AST-ENT-03-CORE,ANL-001
AL-6856B62F,ENT-08,high,malware,closed,False,2026-04-16T16:49:17,2026-04-16T17:39:47,50.5,Pretty believe professional pass another away serve eight fill.,AST-ENT-08-02,ANL-019
AL-01FE74A2,ENT-01,high,phishing,escalated,True,2026-05-08T14:12:23,2026-05-08T15:58:47,106.4,Teach attack without participant choice training look common meeting forward think term price yet catch reveal.,AST-ENT-01-16,ANL-002
AL-DDA22CC9,ENT-09,critical,data_exfiltration,closed,False,2026-06-15T04:56:40,2026-06-15T05:18:22,21.7,Camera long who require billion probably cut raise include now.,AST-ENT-09-04,ANL-004
AL-D3C635E3,ENT-07,medium,phishing,closed,False,2026-02-03T09:43:04,2026-02-03T12:05:52,142.8,Follow win sea free as reveal decade view why single understand eight near loss Congress.,AST-ENT-07-09,ANL-004
AL-432ABF3C,ENT-09,low,policy_violation,open,False,2026-04-23T16:02:47,,,Lay section sense building service fall five really lose mean hope ability owner across.,AST-ENT-09-CORE,ANL-017
AL-EC84738F,ENT-10,medium,policy_violation,open,False,2026-05-27T20:58:33,,,Exactly director simple turn most although maybe sure bed factor.,AST-ENT-10-10,ANL-018
AL-AEE8BB15,ENT-01,critical,phishing,escalated,True,2026-05-03T21:38:05,2026-05-03T22:16:35,38.5,Crime society church indeed break since though degree special laugh include price leader bit traditional tough.,AST-ENT-01-20,ANL-010
AL-E3FBFBA2,ENT-09,medium,policy_violation,open,False,2026-02-09T01:55:08,,,Southern several figure watch which happen impact since.,AST-ENT-09-10,ANL-003
AL-DDACA841,ENT-03,low,phishing,open,False,2026-02-02T08:01:14,,,Or however usually would difference sport carry painting either.,AST-ENT-03-14,ANL-019
AL-5A50E940,ENT-01,critical,malware,open,False,2026-04-03T02:43:47,,,Move manage worry wear pay science us.,AST-ENT-01-03,ANL-006
AL-87DCF88C,ENT-09,medium,policy_violation,closed,False,2026-06-17T22:47:46,2026-06-18T01:13:16,145.5,Model doctor explain entire admit require charge view style war worry here.,AST-ENT-09-01,ANL-003
AL-1B83ABDD,ENT-10,medium,insider_threat,closed,False,2026-03-20T04:05:12,2026-03-20T05:42:00,96.8,She office Congress weight single religious way box.,AST-ENT-10-CORE,ANL-013
AL-4024A3B1,ENT-01,medium,unauthorized_access,escalated,True,2026-02-26T03:41:46,2026-02-26T06:05:04,143.3,End dark spring speak drive bad strong summer more if.,AST-ENT-01-13,ANL-006
AL-F523F8DC,ENT-03,low,policy_violation,closed,False,2026-02-15T18:24:58,2026-02-15T18:35:46,10.8,Important gas economic computer bank southern eight stage raise baby throw perhaps.,AST-ENT-03-12,ANL-003
AL-8845A86F,ENT-12,medium,dos_attempt,open,False,2026-03-26T15:28:59,,,Product plant two water goal can car physical any.,AST-ENT-12-09,ANL-004
AL-0DB8B458,ENT-02,high,policy_violation,escalated,True,2026-03-19T16:58:05,2026-03-19T17:41:17,43.2,Standard base sure behind stock site head fast.,AST-ENT-02-19,ANL-025
AL-8975D67C,ENT-08,medium,phishing,closed,False,2026-02-14T04:10:33,2026-02-14T06:35:15,144.7,Option type account upon eye policy very grow majority wonder out less drive camera music.,AST-ENT-08-CORE,ANL-012
AL-0C2DFFAD,ENT-03,high,unauthorized_access,closed,False,2026-06-16T18:43:22,2026-06-16T20:32:22,109.0,Age western sure his send physical star.,AST-ENT-03-09,ANL-010
AL-73F69D9B,ENT-03,low,phishing,open,False,2026-02-15T18:58:30,,,Collection young current risk rather sea term.,AST-ENT-03-CORE,ANL-003
AL-1DB92145,ENT-07,medium,data_exfiltration,open,False,2026-01-11T04:35:36,,,Dinner feel heavy yeah health nearly phone effect easy item.,AST-ENT-07-13,ANL-016
AL-4D811EE8,ENT-10,low,policy_violation,open,False,2026-06-04T12:34:51,,,Employee guy painting center house full state outside law material door land.,AST-ENT-10-19,ANL-009
AL-34544BE0,ENT-10,medium,policy_violation,closed,False,2026-01-12T10:24:42,2026-01-12T11:55:30,90.8,Billion manager court much religious today level floor store care stuff.,AST-ENT-10-14,ANL-025
AL-C527C9F4,ENT-10,low,malware,open,False,2026-06-07T10:22:11,,,Choice world air really each student happy recently film in reduce.,AST-ENT-10-15,ANL-024
AL-46FE29F5,ENT-12,medium,malware,open,False,2026-02-21T22:41:51,,,Far wrong fast husband cultural base third ground cultural approach.,AST-ENT-12-06,ANL-023
AL-4F05EFBC,ENT-08,critical,malware,escalated,True,2026-06-17T18:38:42,2026-06-17T19:24:42,46.0,Toward real outside kind between far church catch capital.,AST-ENT-08-CORE,ANL-024
AL-A3254580,ENT-02,low,phishing,open,False,2026-04-30T08:14:21,,,Require fine image within foreign happy base at from.,AST-ENT-02-02,ANL-005
AL-0E6CA1C1,ENT-01,medium,dos_attempt,open,False,2026-03-01T10:15:55,,,Its significant me deep he nearly bank open.,AST-ENT-01-02,ANL-001
AL-A0DED762,ENT-07,medium,phishing,closed,False,2026-01-14T05:56:30,2026-01-14T06:57:36,61.1,Including weight ability young second trip everyone specific TV care support campaign quite.,AST-ENT-07-16,ANL-002
AL-950A6D0E,ENT-02,critical,insider_threat,closed,False,2026-01-16T21:42:35,2026-01-16T22:49:53,67.3,Beat another most whole among recent work need.,AST-ENT-02-13,ANL-024
AL-A0125B3B,ENT-08,low,dos_attempt,closed,False,2026-06-20T23:44:00,2026-06-21T00:22:36,38.6,Seven ball difficult evening evening live program.,AST-ENT-08-17,ANL-024
AL-D4885EC9,ENT-10,low,data_exfiltration,open,False,2026-01-17T02:19:06,,,Author lead single range company provide hear far.,AST-ENT-10-14,ANL-003
AL-77AF2842,ENT-06,low,policy_violation,open,False,2026-01-13T21:24:08,,,Four lose serious prepare run white face suggest finally somebody film election represent fish who.,AST-ENT-06-CORE,ANL-015
AL-A2DB453D,ENT-06,medium,phishing,open,False,2026-05-26T13:00:14,,,Nation building teacher only or write around scientist police century career part fund read should least.,AST-ENT-06-08,ANL-010
AL-247B37C0,ENT-05,low,phishing,open,False,2026-02-09T22:47:21,,,Hundred create thought always garden action allow on.,AST-ENT-05-15,ANL-021
AL-E6BE236B,ENT-07,high,malware,escalated,True,2026-01-20T07:17:52,2026-01-20T08:54:22,96.5,Black inside each short collection through all poor reveal heavy performance.,AST-ENT-07-19,ANL-012
AL-ECEDAB21,ENT-12,low,dos_attempt,closed,False,2026-02-02T05:35:09,2026-02-02T05:57:33,22.4,Environment check indicate range various true sound age will truth security word herself past admit time.,AST-ENT-12-03,ANL-002
AL-E94FB5D6,ENT-08,medium,policy_violation,closed,False,2026-06-04T07:52:08,2026-06-04T09:15:44,83.6,How worry standard seem will building discover.,AST-ENT-08-19,ANL-014
AL-1DCA3214,ENT-05,low,data_exfiltration,open,False,2026-03-20T17:03:59,,,Cover class sure hour clear interview account Mr get second.,AST-ENT-05-20,ANL-019
AL-A52C8DED,ENT-05,low,data_exfiltration,open,False,2026-01-13T18:18:54,,,Continue strong contain true heavy difference both space civil everything.,AST-ENT-05-19,ANL-011
AL-9C534446,ENT-08,low,dos_attempt,open,False,2026-02-20T06:09:38,,,Yes training before hundred wish official report production.,AST-ENT-08-06,ANL-017
AL-CED7CA04,ENT-01,critical,data_exfiltration,closed,False,2026-04-01T04:45:24,2026-04-01T06:06:30,81.1,Discuss stock lead green total benefit Mr car audience age class our indeed third rate score.,AST-ENT-01-15,ANL-001
AL-93090EDC,ENT-09,low,dos_attempt,open,False,2026-04-28T03:05:28,,,Move free body stand approach instead call language individual man others discuss floor.,AST-ENT-09-17,ANL-004
AL-F96D3543,ENT-12,high,malware,escalated,True,2026-03-23T13:56:46,2026-03-23T14:42:16,45.5,Leg business particular because free too specific former yet this sort age upon trial way.,AST-ENT-12-06,ANL-004
AL-434911C0,ENT-12,critical,policy_violation,escalated,True,2026-04-29T14:44:43,2026-04-29T16:00:13,75.5,Investment follow build security brother pay manage either difference.,AST-ENT-12-14,ANL-013
AL-49B8CE4F,ENT-06,medium,malware,open,False,2026-05-20T02:03:23,,,Draw he star never range everything will.,AST-ENT-06-CORE,ANL-009
AL-DB265D4A,ENT-05,high,data_exfiltration,escalated,True,2026-02-04T07:56:34,2026-02-04T09:00:28,63.9,Than mean loss hundred score fire yes follow against provide few catch stock reason around possible.,AST-ENT-05-16,ANL-010
AL-87D33DE9,ENT-08,medium,unauthorized_access,open,False,2026-05-31T05:55:18,,,Can already be member new particular against develop general wonder nice report agent yet let one.,AST-ENT-08-17,ANL-025
AL-84414ED5,ENT-02,medium,data_exfiltration,closed,False,2026-03-03T09:40:47,2026-03-03T11:55:23,134.6,Field why capital other analysis low professor western next upon stand.,AST-ENT-02-09,ANL-009
AL-FF8CB1F5,ENT-09,low,phishing,closed,False,2026-03-24T21:36:04,2026-03-24T22:21:22,45.3,Dark current including live among fly agreement wide movie heart eight poor attack girl force.,AST-ENT-09-19,ANL-013
AL-6F47E78D,ENT-05,critical,policy_violation,closed,False,2026-02-27T14:10:39,2026-02-27T14:14:21,3.7,Young large investment carry knowledge throughout raise century watch teacher relationship.,AST-ENT-05-06,ANL-002
AL-C04116A4,ENT-04,low,phishing,closed,False,2026-01-02T17:55:25,2026-01-02T18:54:31,59.1,"Checked logs, closing as non-issue.",AST-ENT-04-02,ANL-005
AL-019FC286,ENT-01,high,malware,closed,False,2026-03-04T04:03:00,2026-03-04T04:05:30,2.5,Accept country red collection positive part produce attack trade modern buy of major above hand.,AST-ENT-01-15,ANL-006
AL-E4642F75,ENT-08,medium,malware,escalated,True,2026-03-30T00:03:26,2026-03-30T00:48:32,45.1,Education general cold follow serious market find avoid catch guy main speak various level myself.,AST-ENT-08-06,ANL-013
AL-894E553A,ENT-02,low,insider_threat,closed,False,2026-03-20T15:45:18,2026-03-20T16:36:48,51.5,Despite charge fish serious red I job leg result child impact step reveal.,AST-ENT-02-16,ANL-004
AL-85BD5007,ENT-12,medium,dos_attempt,closed,False,2026-04-29T02:44:40,2026-04-29T05:37:04,172.4,Paper example admit today them coach reveal situation lose difficult ground bank.,AST-ENT-12-17,ANL-019
AL-A985773D,ENT-03,medium,malware,escalated,True,2026-03-17T17:02:49,2026-03-17T20:00:43,177.9,Mean bring off month five it challenge.,AST-ENT-03-07,ANL-015
AL-A33B52D3,ENT-07,low,malware,open,False,2026-05-08T14:14:05,,,Participant money federal trial less government show seem man write wind add focus.,AST-ENT-07-CORE,ANL-009
AL-956FDD07,ENT-06,medium,unauthorized_access,open,False,2026-04-23T08:47:16,,,Executive join outside term reveal garden individual customer usually painting life enough.,AST-ENT-06-16,ANL-005
AL-53CFECFA,ENT-10,medium,policy_violation,open,False,2026-05-14T11:38:06,,,Government them cup section environment cup father scientist director vote good natural investment.,AST-ENT-10-20,ANL-005
AL-C7FFB21A,ENT-05,medium,unauthorized_access,escalated,True,2026-02-04T04:20:04,2026-02-04T05:34:46,74.7,Back public anyone major positive improve behind develop measure trade energy defense anything road bank.,AST-ENT-05-12,ANL-012
AL-C930F947,ENT-09,medium,data_exfiltration,open,False,2026-06-23T00:39:20,,,Give probably support reality language like serious.,AST-ENT-09-14,ANL-021
AL-F035C0EE,ENT-03,low,data_exfiltration,closed,False,2026-03-09T03:32:40,2026-03-09T04:08:04,35.4,Look into these wonder purpose camera less yourself traditional matter especially.,AST-ENT-03-06,ANL-004
AL-82967B7E,ENT-12,low,insider_threat,closed,False,2026-05-22T16:43:21,2026-05-22T17:27:39,44.3,Administration herself explain agreement social story energy industry grow feel local later source.,AST-ENT-12-07,ANL-005
AL-1D9A75CD,ENT-02,low,phishing,open,False,2026-02-26T03:47:46,,,Do continue TV listen some civil grow child industry though glass base special.,AST-ENT-02-12,ANL-015
AL-42655932,ENT-09,medium,unauthorized_access,closed,False,2026-05-05T23:32:29,2026-05-06T01:07:59,95.5,First point specific report clearly call military want interview why above.,AST-ENT-09-16,ANL-016
AL-488B9A38,ENT-10,medium,data_exfiltration,closed,False,2026-01-13T08:47:57,2026-01-13T09:30:15,42.3,Read put matter seek suffer drive great blood.,AST-ENT-10-14,ANL-008
AL-C9B6AEE9,ENT-06,medium,malware,closed,False,2026-01-18T01:45:13,2026-01-18T04:37:13,172.0,Nor clearly owner it drop couple stage real.,AST-ENT-06-CORE,ANL-018
AL-CC520FCD,ENT-02,high,data_exfiltration,escalated,True,2026-06-07T05:24:13,2026-06-07T07:11:31,107.3,Team pass help medical glass partner themselves.,AST-ENT-02-07,ANL-015
AL-5D932E70,ENT-12,high,malware,escalated,True,2026-04-19T04:32:29,2026-04-19T04:57:05,24.6,Half garden Congress customer quality walk involve all raise trip several technology already.,AST-ENT-12-09,ANL-007
AL-B8FE14B1,ENT-10,high,insider_threat,open,False,2026-01-01T17:15:40,,,Edge do finish design apply drug thus song our miss say simple perform practice investment.,AST-ENT-10-12,ANL-006
AL-B94B47A2,ENT-06,high,phishing,escalated,True,2026-04-07T06:12:48,2026-04-07T07:03:06,50.3,Seek movement tend simple firm assume why above student including baby serious author.,AST-ENT-06-CORE,ANL-002
AL-F5D335B6,ENT-08,critical,unauthorized_access,escalated,True,2026-04-02T01:53:50,2026-04-02T02:27:56,34.1,Dream during health difficult page be artist around against remember possible involve heavy contain future.,AST-ENT-08-05,ANL-021
AL-45E325B1,ENT-08,high,insider_threat,escalated,True,2026-04-25T17:26:45,2026-04-25T18:59:57,93.2,Capital arrive reality simple significant wall event party sport where tough affect to hit.,AST-ENT-08-05,ANL-020
AL-2F7D2AF9,ENT-04,medium,malware,closed,False,2026-06-22T04:20:51,2026-06-22T04:59:03,38.2,Hair without western possible short throughout church summer reflect reason.,AST-ENT-04-CORE,ANL-017
AL-4C5F69A0,ENT-07,low,data_exfiltration,open,False,2026-03-28T17:28:09,,,Cut may senior can paper skill mind how method.,AST-ENT-07-18,ANL-014
AL-5114BBB9,ENT-08,high,dos_attempt,escalated,True,2026-02-04T04:46:05,2026-02-04T05:25:17,39.2,Every moment travel international page media word our wonder air black wrong red future later voice.,AST-ENT-08-17,ANL-006
AL-9BF3F241,ENT-06,high,unauthorized_access,escalated,True,2026-05-17T18:38:53,2026-05-17T19:47:23,68.5,Table that room nor design brother daughter specific many charge.,AST-ENT-06-20,ANL-016
AL-B44B9262,ENT-06,high,data_exfiltration,escalated,True,2026-03-18T11:39:30,2026-03-18T13:14:42,95.2,Prepare side strategy successful for water produce affect challenge.,AST-ENT-06-07,ANL-001
AL-45AFF0CA,ENT-08,critical,data_exfiltration,escalated,True,2026-06-04T10:47:52,2026-06-04T11:22:52,35.0,Group paper other allow event although seem environmental painting break.,AST-ENT-08-CORE,ANL-002
AL-0B51F606,ENT-02,low,policy_violation,open,False,2026-05-18T16:32:34,,,Rock as local remain share wait after well lot history practice institution pick have old according.,AST-ENT-02-17,ANL-014
AL-213E0DD8,ENT-12,high,unauthorized_access,open,False,2026-03-28T01:15:46,,,Challenge than remain least model serve any democratic foreign chair war section.,AST-ENT-12-14,ANL-021
AL-111C23F2,ENT-02,low,policy_violation,closed,False,2026-05-01T20:34:30,2026-05-01T21:29:24,54.9,Body force news around finally figure card student a some concern up trouble marriage point lose.,AST-ENT-02-14,ANL-008
AL-BAE85D1E,ENT-05,high,policy_violation,escalated,True,2026-01-04T15:17:21,2026-01-04T16:22:33,65.2,Something military very year option do arm.,AST-ENT-05-18,ANL-014
AL-D6F0E42C,ENT-03,low,unauthorized_access,open,False,2026-05-18T17:56:01,,,Federal research deal attorney gas recent skin many here.,AST-ENT-03-02,ANL-002
AL-8664BA8A,ENT-04,low,insider_threat,open,False,2026-06-11T03:13:09,,,Reviewed alert. No further action required.,AST-ENT-04-20,ANL-022
AL-6ECFCD6A,ENT-02,critical,data_exfiltration,open,False,2026-01-30T15:28:24,,,Minute simply where point example thank see simple budget itself can fast.,AST-ENT-02-17,ANL-015
AL-C9FDCC85,ENT-12,high,phishing,escalated,True,2026-01-27T09:38:08,2026-01-27T11:01:14,83.1,Low have check quality everyone benefit fill sit fund public investment every must mind.,AST-ENT-12-04,ANL-018
AL-DDF7BB5A,ENT-01,critical,unauthorized_access,escalated,True,2026-01-29T03:07:32,2026-01-29T03:40:38,33.1,Hour two including itself fear form energy too type seat film either authority to partner how.,AST-ENT-01-06,ANL-022
AL-835C62E9,ENT-05,medium,policy_violation,closed,False,2026-01-21T17:59:50,2026-01-21T20:00:56,121.1,Think beautiful head military participant almost art laugh under cold successful.,AST-ENT-05-09,ANL-012
AL-57517C6D,ENT-03,medium,phishing,closed,False,2026-01-31T06:51:00,2026-01-31T08:26:12,95.2,Along figure moment between high anyone activity.,AST-ENT-03-14,ANL-001
AL-B6CE7FC6,ENT-07,high,dos_attempt,escalated,True,2026-06-16T18:37:25,2026-06-16T20:09:01,91.6,State prevent each speak authority walk conference sea activity almost continue approach where.,AST-ENT-07-18,ANL-002
AL-DEFF702F,ENT-07,low,insider_threat,closed,False,2026-05-09T17:50:58,2026-05-09T18:04:16,13.3,Beyond forget place race should key toward group popular modern.,AST-ENT-07-13,ANL-022
AL-62519384,ENT-12,high,data_exfiltration,escalated,True,2026-03-13T10:17:33,2026-03-13T11:51:27,93.9,Call role management space eight member military spring more show.,AST-ENT-12-CORE,ANL-013
AL-971BC711,ENT-09,low,unauthorized_access,closed,False,2026-01-23T23:00:53,2026-01-23T23:27:05,26.2,Every occur why husband poor general yet class surface impact decision budget night his.,AST-ENT-09-20,ANL-023
AL-9C19E0AC,ENT-08,medium,data_exfiltration,closed,False,2026-05-02T22:19:48,2026-05-02T23:03:30,43.7,Table understand identify name almost who then own east certain western show election.,AST-ENT-08-CORE,ANL-004
AL-3A7A314C,ENT-08,medium,data_exfiltration,escalated,True,2026-04-10T15:25:57,2026-04-10T16:26:45,60.8,Cause central challenge company choice actually everyone force choose.,AST-ENT-08-03,ANL-007
AL-F2F07FEC,ENT-03,high,unauthorized_access,escalated,True,2026-01-02T16:40:51,2026-01-02T18:32:15,111.4,Model be begin page position reason form center.,AST-ENT-03-07,ANL-025
AL-677A1DAD,ENT-01,medium,unauthorized_access,closed,False,2026-05-18T21:37:09,2026-05-18T22:27:21,50.2,Window north pattern while kid body play practice case receive development day reason.,AST-ENT-01-19,ANL-002
AL-6F046AD4,ENT-11,medium,policy_violation,closed,False,2026-02-13T08:46:44,2026-02-13T11:07:38,140.9,Mr behavior economic strong person my senior participant administration perform.,AST-ENT-11-13,ANL-002
AL-0129C505,ENT-12,critical,dos_attempt,open,False,2026-03-24T05:24:24,,,He local mention eye house knowledge participant strategy story store bank sit none now beyond measure.,AST-ENT-12-05,ANL-002
AL-C169D174,ENT-01,medium,malware,closed,False,2026-04-26T09:57:27,2026-04-26T12:00:57,123.5,Every still according protect director next figure business no chance thousand author simple company.,AST-ENT-01-08,ANL-019
AL-D48716AD,ENT-09,medium,phishing,closed,False,2026-06-10T08:51:55,2026-06-10T10:13:37,81.7,Pass once democratic range especially catch capital.,AST-ENT-09-06,ANL-020
AL-3339A028,ENT-02,low,insider_threat,closed,False,2026-01-02T16:26:12,2026-01-02T16:53:48,27.6,Huge which although hundred need top adult name establish.,AST-ENT-02-20,ANL-006
AL-E1EA822F,ENT-03,low,policy_violation,closed,False,2026-03-08T08:33:49,2026-03-08T09:26:43,52.9,Green rate could evidence high because look score.,AST-ENT-03-10,ANL-021
AL-CFCBD629,ENT-10,high,insider_threat,open,False,2026-05-13T05:26:23,,,Both however mother instead thought indeed look success home help.,AST-ENT-10-09,ANL-019
AL-0ECC64DD,ENT-10,medium,phishing,open,False,2026-02-23T20:22:47,,,During exactly art nation civil able dog price.,AST-ENT-10-03,ANL-011
AL-2EAE6982,ENT-04,medium,data_exfiltration,closed,False,2026-01-06T01:56:24,2026-01-06T02:53:18,56.9,Recent vote wall become area break image fear certain authority lose act.,AST-ENT-04-05,ANL-024
AL-AD2BDBF3,ENT-06,medium,unauthorized_access,open,False,2026-06-13T23:18:11,,,Page small national condition sound agency decade him shoulder short.,AST-ENT-06-02,ANL-001
AL-6FC6C8C5,ENT-12,medium,dos_attempt,open,False,2026-06-20T05:32:05,,,Interview road race story machine important manager adult we everything soon despite.,AST-ENT-12-16,ANL-017
AL-2CF4CB03,ENT-04,low,policy_violation,open,False,2026-03-01T05:05:01,,,Blood because door hand rest sometimes work.,AST-ENT-04-08,ANL-016
AL-B3014121,ENT-07,medium,policy_violation,open,False,2026-06-18T18:31:07,,,Green serious police magazine just surface enjoy begin part ago until why.,AST-ENT-07-20,ANL-022
AL-D24B093E,ENT-10,medium,phishing,escalated,True,2026-04-19T03:36:52,2026-04-19T04:22:10,45.3,Page child treat since throughout black speak attorney outside science.,AST-ENT-10-04,ANL-013
AL-5FE61457,ENT-02,high,insider_threat,closed,False,2026-01-10T23:11:08,2026-01-10T23:47:44,36.6,Grow bit develop news much new themselves source form figure spring.,AST-ENT-02-06,ANL-008
AL-B1D81B3F,ENT-03,critical,policy_violation,escalated,True,2026-04-04T17:36:02,2026-04-04T18:52:20,76.3,Enter three population degree information blue stock.,AST-ENT-03-05,ANL-025
AL-0AE7D6FC,ENT-02,medium,policy_violation,escalated,True,2026-06-13T11:25:04,2026-06-13T13:22:04,117.0,Down organization list street sea black girl worker door change whether small trip another defense.,AST-ENT-02-06,ANL-007
AL-307ED664,ENT-04,critical,malware,open,False,2026-01-15T13:31:51,,,Nearly or page when bag space allow actually fear view spend drive seek many.,AST-ENT-04-05,ANL-020
AL-49AE5150,ENT-06,medium,dos_attempt,open,False,2026-01-10T21:50:40,,,Eat hard voice hundred charge culture camera into high southern page person more exist.,AST-ENT-06-06,ANL-012
AL-5FA27627,ENT-02,critical,data_exfiltration,escalated,True,2026-04-17T09:10:41,2026-04-17T09:59:17,48.6,Current card yes perhaps do carry care husband yard.,AST-ENT-02-02,ANL-005
AL-E31CC23E,ENT-10,medium,data_exfiltration,closed,False,2026-04-04T20:37:27,2026-04-04T22:23:33,106.1,East car gun he her continue participant book.,AST-ENT-10-14,ANL-004
AL-E8DFA2F9,ENT-03,medium,phishing,escalated,True,2026-06-04T04:13:31,2026-06-04T05:52:25,98.9,South whether world small serious stuff star simply she along figure decade mean.,AST-ENT-03-13,ANL-014
AL-E731121E,ENT-03,high,dos_attempt,open,False,2026-04-15T07:58:05,,,Word bit consider design ahead month game its movie simple official particular worry.,AST-ENT-03-CORE,ANL-023
AL-9E8A0A46,ENT-08,high,dos_attempt,escalated,True,2026-04-07T18:29:29,2026-04-07T19:38:41,69.2,Three big break east project step watch fire five sister kitchen certainly.,AST-ENT-08-06,ANL-002
AL-277DD381,ENT-12,high,dos_attempt,closed,False,2026-04-26T14:34:06,2026-04-26T16:11:54,97.8,Daughter reason wide happy thought work offer foreign third.,AST-ENT-12-10,ANL-024
AL-3080349A,ENT-07,high,unauthorized_access,closed,False,2026-01-26T19:26:09,2026-01-26T21:22:09,116.0,According I resource sure other their another only detail single operation century network throw.,AST-ENT-07-03,ANL-017
AL-69B50D35,ENT-07,medium,policy_violation,closed,False,2026-05-30T23:53:26,2026-05-31T00:25:56,32.5,Remain success our back out relationship interview operation per fire finish term others song debate.,AST-ENT-07-04,ANL-015
AL-B89AD72F,ENT-10,low,unauthorized_access,open,False,2026-04-20T12:07:07,,,Dinner scene trade suddenly opportunity especially small generation pick rate drop understand as case.,AST-ENT-10-02,ANL-024
AL-DC3F97BE,ENT-10,medium,policy_violation,closed,False,2026-06-23T09:04:36,2026-06-23T11:23:00,138.4,Away during near car common any seek.,AST-ENT-10-03,ANL-011
AL-89285B2C,ENT-09,critical,dos_attempt,escalated,True,2026-04-21T11:34:56,2026-04-21T12:32:02,57.1,Eight result myself manage decade position education head effort right exactly pretty to window.,AST-ENT-09-03,ANL-019
AL-248818D5,ENT-02,low,malware,open,False,2026-02-18T03:00:30,,,Bed television land stay image participant with everyone.,AST-ENT-02-04,ANL-013
AL-AF79C747,ENT-08,low,insider_threat,closed,False,2026-05-10T03:05:06,2026-05-10T03:42:24,37.3,Prevent day rate move beyond animal nor something enter rock western ten management describe.,AST-ENT-08-16,ANL-011
AL-ECB833B0,ENT-01,low,phishing,escalated,True,2026-01-23T15:28:53,2026-01-23T16:13:41,44.8,Move rather business vote state turn center.,AST-ENT-01-11,ANL-002
AL-2D329DC8,ENT-01,medium,phishing,closed,False,2026-06-01T00:04:12,2026-06-01T00:45:48,41.6,Film wait number sell involve water idea mother positive.,AST-ENT-01-01,ANL-007
AL-56091A47,ENT-07,medium,dos_attempt,open,False,2026-01-28T10:47:49,,,About next appear her alone pass college me fight picture be station policy.,AST-ENT-07-11,ANL-025
AL-486BACD0,ENT-08,medium,phishing,open,False,2026-06-07T21:55:29,,,Off brother without without huge cultural should situation kind contain politics.,AST-ENT-08-08,ANL-011
AL-12EC825C,ENT-10,high,unauthorized_access,closed,False,2026-03-04T23:37:56,2026-03-05T00:23:14,45.3,Share high simply name vote head manager learn crime suffer modern section statement.,AST-ENT-10-17,ANL-016
AL-997BE4CC,ENT-09,medium,policy_violation,closed,False,2026-06-22T20:44:02,2026-06-22T21:59:32,75.5,Man become cost exist idea now stand his wife represent under world.,AST-ENT-09-20,ANL-018
AL-19E285C3,ENT-01,medium,malware,escalated,True,2026-06-11T15:21:57,2026-06-11T16:05:09,43.2,However traditional necessary learn memory home marriage where share southern stop customer although add.,AST-ENT-01-07,ANL-001
AL-A98B32D8,ENT-09,high,policy_violation,escalated,True,2026-05-18T05:45:13,2026-05-18T07:03:07,77.9,Perform shake behavior nor Democrat anyone president three a board forward.,AST-ENT-09-06,ANL-025
AL-0BA83F33,ENT-01,high,data_exfiltration,closed,False,2026-05-28T11:02:17,2026-05-28T11:05:53,3.6,Police right traditional represent price number herself determine nice.,AST-ENT-01-20,ANL-022
AL-01B85E30,ENT-06,low,dos_attempt,open,False,2026-04-23T07:58:52,,,Nothing receive happen tax off station wide among perhaps mouth amount tell.,AST-ENT-06-09,ANL-018
AL-BC2B14DF,ENT-05,high,insider_threat,closed,False,2026-04-11T11:01:52,2026-04-11T11:05:10,3.3,Republican whole federal voice resource home everybody stage break see least.,AST-ENT-05-CORE,ANL-023
AL-D9494B23,ENT-05,medium,dos_attempt,closed,False,2026-01-06T13:43:06,2026-01-06T15:20:36,97.5,Himself other term political not top game.,AST-ENT-05-01,ANL-015
AL-E2424ECB,ENT-08,low,insider_threat,open,False,2026-06-12T12:25:26,,,Summer focus Mrs special moment difficult evidence treatment cause itself.,AST-ENT-08-06,ANL-012
AL-9C59F7ED,ENT-06,medium,malware,escalated,True,2026-01-01T14:28:23,2026-01-01T15:41:11,72.8,Lot peace sure best appear majority cultural college many wife.,AST-ENT-06-19,ANL-023
AL-E30A463B,ENT-08,medium,unauthorized_access,escalated,True,2026-01-01T19:46:57,2026-01-01T21:51:45,124.8,Maintain today whether have east policy art trouble indicate black list.,AST-ENT-08-20,ANL-018
AL-DDE895A8,ENT-09,low,insider_threat,open,False,2026-01-27T13:52:03,,,Time try cause behind single project air hold good red hotel contain.,AST-ENT-09-02,ANL-007
AL-3D917D1F,ENT-04,low,dos_attempt,open,False,2026-03-12T19:19:36,,,Investigated and closed. False positive.,AST-ENT-04-14,ANL-011
AL-B24B9F86,ENT-08,high,unauthorized_access,escalated,True,2026-06-16T23:17:32,2026-06-17T01:11:50,114.3,Other add sport need when trip six or fill should name everything office.,AST-ENT-08-CORE,ANL-011
AL-08395B57,ENT-03,medium,unauthorized_access,closed,False,2026-05-10T16:31:37,2026-05-10T18:18:55,107.3,Civil board music herself among meeting this pretty many.,AST-ENT-03-20,ANL-012
AL-D946FFE0,ENT-04,medium,dos_attempt,closed,False,2026-02-22T15:42:30,2026-02-22T16:42:54,60.4,Big report manage crime nearly most less able protect.,AST-ENT-04-09,ANL-002
AL-554F7654,ENT-10,medium,dos_attempt,closed,False,2026-03-19T14:18:11,2026-03-19T15:01:05,42.9,Impact raise boy pull life call tough.,AST-ENT-10-17,ANL-012
AL-8F40F473,ENT-06,medium,data_exfiltration,escalated,True,2026-03-21T16:02:48,2026-03-21T18:43:36,160.8,Can ok note machine treat thought toward care.,AST-ENT-06-01,ANL-006
AL-12C6C72B,ENT-03,medium,policy_violation,open,False,2026-03-11T05:33:44,,,Woman across central information instead value meeting bill plant put law more often option.,AST-ENT-03-CORE,ANL-006
AL-3804137B,ENT-04,medium,policy_violation,closed,False,2026-02-15T18:43:35,2026-02-15T21:06:29,142.9,Investigated and closed. False positive.,AST-ENT-04-CORE,ANL-007
AL-8F22B037,ENT-03,low,data_exfiltration,closed,False,2026-02-06T03:50:33,2026-02-06T04:40:27,49.9,While finally win country employee summer activity guy food dream include air focus want parent.,AST-ENT-03-11,ANL-001
AL-58084E5E,ENT-03,critical,policy_violation,closed,False,2026-05-01T22:13:33,2026-05-01T23:28:33,75.0,Top medical day like prepare grow mention run Democrat exist little add economy discussion across.,AST-ENT-03-01,ANL-015
AL-81847BC1,ENT-02,medium,policy_violation,open,False,2026-01-23T01:26:44,,,Four hour green religious hot former front quality likely able vote wife bad off.,AST-ENT-02-01,ANL-025
AL-1C543858,ENT-12,high,data_exfiltration,open,False,2026-06-25T07:21:19,,,Structure nothing high certainly more place market son remain second action notice.,AST-ENT-12-09,ANL-020
AL-AD21AA67,ENT-05,high,dos_attempt,closed,False,2026-06-26T22:07:09,2026-06-26T22:09:15,2.1,Lay deal arrive compare want chair billion seven structure.,AST-ENT-05-05,ANL-014
AL-AE80A4D5,ENT-07,medium,malware,open,False,2026-01-12T02:30:10,,,Own season old just their pay Mrs them central police few sing environment international factor.,AST-ENT-07-CORE,ANL-015
AL-B8F1F0A2,ENT-09,critical,data_exfiltration,open,False,2026-06-02T14:06:25,,,While part choice leg treatment bill today money.,AST-ENT-09-06,ANL-012
AL-68D8A909,ENT-02,medium,data_exfiltration,closed,False,2026-06-08T14:23:16,2026-06-08T15:22:34,59.3,From name country benefit focus another special establish though tonight near ability great ready understand.,AST-ENT-02-12,ANL-025
AL-D0AEBAC4,ENT-04,high,data_exfiltration,escalated,True,2026-01-12T10:41:20,2026-01-12T11:43:26,62.1,Necessary suggest employee project after song radio ground join real early sure.,AST-ENT-04-17,ANL-013
AL-A24BB9F5,ENT-10,low,insider_threat,open,False,2026-05-20T06:35:47,,,Boy develop worker create TV sort drug like technology.,AST-ENT-10-02,ANL-018
AL-ED7CCF8D,ENT-01,medium,data_exfiltration,open,False,2026-05-24T14:12:49,,,Gas few page cold couple suffer history its street because why eight skill.,AST-ENT-01-20,ANL-018
AL-56760D75,ENT-06,medium,phishing,closed,False,2026-03-07T07:24:06,2026-03-07T08:08:24,44.3,Citizen deal receive movie west doctor this push down force reach.,AST-ENT-06-01,ANL-003
AL-7F9CDC03,ENT-05,low,dos_attempt,open,False,2026-06-06T23:58:00,,,Hour story kitchen care huge energy store garden stuff while guess create at.,AST-ENT-05-11,ANL-011
AL-29407B4B,ENT-08,critical,policy_violation,escalated,True,2026-04-10T06:07:16,2026-04-10T06:28:04,20.8,Street owner involve point ready grow check.,AST-ENT-08-05,ANL-005
AL-9A2742BC,ENT-02,low,phishing,open,False,2026-02-10T09:07:22,,,Mission task spend easy avoid camera parent what bring truth reason good order often mouth.,AST-ENT-02-18,ANL-021
AL-4636240E,ENT-05,medium,data_exfiltration,open,False,2026-02-01T08:47:46,,,General city sure only television drop sit employee suddenly local team see.,AST-ENT-05-12,ANL-002
AL-7E6783C7,ENT-03,high,unauthorized_access,escalated,True,2026-03-10T07:34:49,2026-03-10T08:58:25,83.6,Score successful anything century kid on room participant today suffer stuff star federal music police.,AST-ENT-03-06,ANL-002
AL-9EB26F21,ENT-12,medium,data_exfiltration,closed,False,2026-03-06T23:22:11,2026-03-07T02:02:41,160.5,School someone head ground media drug fact enjoy each work song.,AST-ENT-12-12,ANL-005
AL-08DCB496,ENT-07,medium,malware,closed,False,2026-02-05T07:17:41,2026-02-05T08:24:11,66.5,Page theory development event state enjoy find word Mr bit baby ask thousand week prepare reduce.,AST-ENT-07-11,ANL-003
AL-BDE00C58,ENT-04,critical,policy_violation,open,False,2026-05-14T11:17:25,,,Well task everybody baby unit these this impact nation member such so fall.,AST-ENT-04-08,ANL-005
AL-6D522D8A,ENT-05,medium,malware,open,False,2026-03-04T00:16:10,,,Speak list teach beyond nearly after beautiful suffer people north common recently American.,AST-ENT-05-01,ANL-023
AL-EA2E0EF4,ENT-06,medium,unauthorized_access,open,False,2026-05-26T11:47:26,,,Think ok reveal center sure memory forget current large another live.,AST-ENT-06-13,ANL-008
AL-2E2A18CD,ENT-03,high,policy_violation,escalated,True,2026-02-15T05:00:15,2026-02-15T05:40:33,40.3,Admit town strategy raise future believe be organization professional fact explain practice hope save method.,AST-ENT-03-06,ANL-003
AL-C2EA0B19,ENT-06,low,insider_threat,open,False,2026-04-27T22:08:06,,,On floor least of save serve usually PM mother itself season feel responsibility oil.,AST-ENT-06-15,ANL-020
AL-0331CB15,ENT-10,high,dos_attempt,closed,False,2026-05-06T19:33:27,2026-05-06T20:34:51,61.4,Easy economic believe successful suffer property store hear institution return.,AST-ENT-10-09,ANL-012
AL-8D5EDC70,ENT-04,high,malware,escalated,True,2026-02-05T05:20:36,2026-02-05T06:42:36,82.0,"Checked logs, closing as non-issue.",AST-ENT-04-06,ANL-022
AL-16AE9797,ENT-04,low,phishing,escalated,True,2026-03-22T17:12:28,2026-03-22T17:42:28,30.0,Investigated and closed. False positive.,AST-ENT-04-05,ANL-011
AL-8A84FB06,ENT-06,medium,policy_violation,open,False,2026-06-29T21:57:15,,,Pattern direction sometimes might fall defense father process painting moment threat across pull.,AST-ENT-06-05,ANL-007
AL-9ED3B89C,ENT-05,low,insider_threat,open,False,2026-01-24T18:25:02,,,Government discover forward act behind decide sign beyond.,AST-ENT-05-06,ANL-025
AL-42ABBC39,ENT-02,critical,data_exfiltration,closed,False,2026-04-26T16:43:24,2026-04-26T17:27:24,44.0,High old anyone though president position win just experience letter could.,AST-ENT-02-11,ANL-010
AL-2913F503,ENT-05,critical,malware,open,False,2026-04-02T21:32:37,,,Successful white goal indeed to support capital theory sense identify under top site happy.,AST-ENT-05-01,ANL-023
AL-E24F34C6,ENT-12,high,data_exfiltration,escalated,True,2026-01-06T13:13:51,2026-01-06T13:43:09,29.3,Street year beautiful big thought maybe see language upon I baby role like.,AST-ENT-12-18,ANL-021
AL-BAE72117,ENT-08,low,insider_threat,closed,False,2026-05-29T02:20:08,2026-05-29T03:01:56,41.8,Decade hair measure though system contain point beat choose identify set gun happen.,AST-ENT-08-20,ANL-001
AL-0B64F810,ENT-05,medium,malware,closed,False,2026-02-13T12:03:28,2026-02-13T12:53:52,50.4,Nature career same inside thousand little off example ball.,AST-ENT-05-13,ANL-022
AL-AB9E9D8A,ENT-10,critical,insider_threat,closed,False,2026-06-23T14:17:46,2026-06-23T14:36:52,19.1,Speak travel degree class born interview rate bar approach me direction peace.,AST-ENT-10-10,ANL-001
AL-B85B1A05,ENT-07,low,data_exfiltration,open,False,2026-04-19T11:39:16,,,Direction shake study property hit threat relate effort.,AST-ENT-07-05,ANL-014
AL-3192FEDC,ENT-01,low,phishing,closed,False,2026-03-19T12:22:01,2026-03-19T12:52:07,30.1,Choose between population weight wonder develop while question place.,AST-ENT-01-14,ANL-015
AL-DB0BD971,ENT-01,critical,malware,closed,False,2026-05-20T16:20:46,2026-05-20T16:25:10,4.4,Travel chance character really spring dinner pattern throw owner company.,AST-ENT-01-09,ANL-002
AL-34D6558E,ENT-03,medium,policy_violation,closed,False,2026-03-05T18:19:02,2026-03-05T19:13:32,54.5,Article own despite enough impact approach campaign.,AST-ENT-03-16,ANL-005
AL-CFA08205,ENT-07,medium,unauthorized_access,closed,False,2026-05-30T07:49:25,2026-05-30T10:14:31,145.1,Foot voice economic item movement color billion son.,AST-ENT-07-05,ANL-017
AL-38D7F64E,ENT-07,medium,dos_attempt,closed,False,2026-05-11T01:13:48,2026-05-11T02:43:30,89.7,Look serve media decade budget old marriage laugh true over reflect challenge.,AST-ENT-07-CORE,ANL-001
AL-1A1F1CA4,ENT-04,medium,phishing,open,False,2026-02-25T11:02:56,,,Investigated and closed. False positive.,AST-ENT-04-CORE,ANL-006
AL-313229BC,ENT-02,critical,malware,closed,False,2026-05-28T03:52:59,2026-05-28T04:34:41,41.7,Voice Congress participant forward democratic play process keep ahead.,AST-ENT-02-03,ANL-021
AL-DFD14968,ENT-02,low,unauthorized_access,open,False,2026-01-07T00:20:37,,,Usually action task center long particular seem firm together arm everyone have.,AST-ENT-02-09,ANL-013
AL-840EB6B5,ENT-09,medium,data_exfiltration,open,False,2026-02-28T12:43:11,,,Level couple trip movement nor line though success police she difference ten suddenly wear soldier.,AST-ENT-09-16,ANL-023
AL-DFA612CD,ENT-01,low,dos_attempt,escalated,True,2026-02-03T15:23:59,2026-02-03T16:03:17,39.3,Letter account happy body more leg purpose interview doctor bad finish face modern sure subject shake.,AST-ENT-01-16,ANL-001
AL-746F0866,ENT-08,high,policy_violation,open,False,2026-02-19T01:42:10,,,Them with reality friend receive push trip catch explain believe eye check identify.,AST-ENT-08-12,ANL-024
AL-24E21BFA,ENT-10,medium,policy_violation,closed,False,2026-01-22T22:26:24,2026-01-22T23:39:54,73.5,Newspaper there picture successful tough story story test today toward blood reflect.,AST-ENT-10-CORE,ANL-014
AL-C2C839FF,ENT-06,high,unauthorized_access,escalated,True,2026-03-11T19:53:02,2026-03-11T20:22:02,29.0,Main new large democratic home husband former spend hotel among how its.,AST-ENT-06-15,ANL-012
AL-0A62D368,ENT-12,critical,data_exfiltration,escalated,True,2026-06-25T01:17:27,2026-06-25T02:04:09,46.7,One throughout American three machine environment security wrong plan case.,AST-ENT-12-17,ANL-025
AL-A5EC86CE,ENT-02,high,malware,escalated,True,2026-04-19T12:12:59,2026-04-19T13:39:47,86.8,Quickly rate end these him when training science ability much crime wish.,AST-ENT-02-03,ANL-017
AL-EE5EF130,ENT-08,high,insider_threat,open,False,2026-03-31T16:08:27,,,Week seat natural different even vote expert nature matter investment protect ago size.,AST-ENT-08-12,ANL-018
AL-5AAEB992,ENT-03,high,policy_violation,escalated,True,2026-03-08T12:24:12,2026-03-08T13:06:54,42.7,Bed plan factor program beat free history heart once nothing ground smile break.,AST-ENT-03-16,ANL-017
AL-08EC47E0,ENT-06,critical,unauthorized_access,open,False,2026-05-19T21:29:29,,,Arm serious compare type create top enough especially for organization picture contain education your.,AST-ENT-06-19,ANL-018
AL-E73DAFDD,ENT-02,low,data_exfiltration,closed,False,2026-05-10T20:45:41,2026-05-10T20:55:53,10.2,Amount help friend else method position necessary best daughter.,AST-ENT-02-14,ANL-018
AL-BFE7F3DE,ENT-12,critical,unauthorized_access,escalated,True,2026-02-24T02:20:08,2026-02-24T02:38:38,18.5,Scientist remain down song for though build next wind our better image pass.,AST-ENT-12-17,ANL-004
AL-6D62AB2D,ENT-07,high,policy_violation,escalated,True,2026-03-03T08:20:49,2026-03-03T09:34:07,73.3,Audience social inside finish dark modern writer these name person always.,AST-ENT-07-09,ANL-005
AL-9C8A7AAB,ENT-08,low,data_exfiltration,closed,False,2026-02-13T07:56:26,2026-02-13T08:26:56,30.5,Film result garden walk huge blue movement firm example.,AST-ENT-08-02,ANL-002
AL-CD2BC5A8,ENT-07,critical,data_exfiltration,open,False,2026-01-20T13:50:58,,,Ever relationship production support product parent law animal research analysis.,AST-ENT-07-03,ANL-009
AL-04AAB744,ENT-12,low,policy_violation,closed,False,2026-02-02T15:36:42,2026-02-02T16:08:00,31.3,Set book despite early decide join member.,AST-ENT-12-01,ANL-002
AL-54DCD29C,ENT-05,medium,dos_attempt,escalated,True,2026-06-16T18:08:35,2026-06-16T19:41:59,93.4,Expert despite film sign back many despite generation sit.,AST-ENT-05-CORE,ANL-018
AL-C5441CDB,ENT-04,low,insider_threat,open,False,2026-03-20T12:31:51,,,Reviewed alert. No further action required.,AST-ENT-04-CORE,ANL-023
AL-CAA54DAB,ENT-06,high,policy_violation,escalated,True,2026-06-06T07:34:11,2026-06-06T09:26:23,112.2,Bill information cause my air action large policy serious top image capital government.,AST-ENT-06-08,ANL-025
AL-87F34FE7,ENT-04,low,malware,open,False,2026-04-22T11:56:44,,,Mr year if term adult suggest staff year consider claim there financial prevent.,AST-ENT-04-16,ANL-017
AL-B32FDBDF,ENT-06,high,insider_threat,escalated,True,2026-06-01T03:47:29,2026-06-01T05:46:35,119.1,Consumer front discussion now machine interview part song performance end town husband trip nothing with.,AST-ENT-06-15,ANL-020
AL-331B322D,ENT-09,medium,dos_attempt,open,False,2026-05-20T16:32:37,,,Data year defense support put herself water meeting voice reality painting material science beat deal.,AST-ENT-09-CORE,ANL-012
AL-63036A2F,ENT-07,low,malware,escalated,True,2026-05-22T12:37:53,2026-05-22T13:19:11,41.3,Center whole day moment national low form national summer attack mission his baby rule recently.,AST-ENT-07-03,ANL-006
AL-794AE5D4,ENT-01,low,data_exfiltration,open,False,2026-02-15T21:30:43,,,Bag role land trouble news five decide spring price.,AST-ENT-01-16,ANL-006
AL-FBF74E5E,ENT-01,low,policy_violation,closed,False,2026-02-04T11:40:16,2026-02-04T12:33:34,53.3,Item town something employee such practice quickly any market.,AST-ENT-01-04,ANL-005
AL-13FF79D1,ENT-04,medium,policy_violation,closed,False,2026-04-14T05:47:51,2026-04-14T08:35:39,167.8,Mission about case life set resource life watch black agree real book past.,AST-ENT-04-01,ANL-016
AL-88E7CFA0,ENT-09,critical,data_exfiltration,closed,False,2026-01-31T04:19:35,2026-01-31T04:54:17,34.7,Add weight police after carry energy common.,AST-ENT-09-CORE,ANL-008
AL-2FF7EDAB,ENT-12,medium,insider_threat,closed,False,2026-03-20T15:18:53,2026-03-20T16:31:47,72.9,Pass travel trip painting sport enter many significant hear evening expert dream expect maybe free.,AST-ENT-12-03,ANL-007
AL-56F3DC3C,ENT-05,high,malware,closed,False,2026-06-13T00:34:33,2026-06-13T02:08:39,94.1,May home eight now young close them significant have different.,AST-ENT-05-10,ANL-003
AL-967BB070,ENT-02,low,insider_threat,open,False,2026-03-28T06:36:26,,,Film too field eye size head development join color summer stand move fine major.,AST-ENT-02-01,ANL-010
AL-E17EE8C1,ENT-07,high,phishing,closed,False,2026-04-14T07:26:45,2026-04-14T09:24:09,117.4,Spend body himself majority campaign design nothing site ground toward high partner.,AST-ENT-07-08,ANL-017
AL-4F9B4982,ENT-01,low,malware,closed,False,2026-03-22T14:18:33,2026-03-22T14:45:27,26.9,Save same camera plant without everybody research chance system.,AST-ENT-01-17,ANL-018
AL-2187DEB2,ENT-03,critical,policy_violation,closed,False,2026-06-26T19:47:50,2026-06-26T20:58:32,70.7,Build sound effect thank report evidence imagine born many.,AST-ENT-03-04,ANL-006
AL-C3E8E000,ENT-04,high,insider_threat,open,False,2026-01-14T10:46:23,,,Investigated and closed. False positive.,AST-ENT-04-01,ANL-010
AL-FCC4C97F,ENT-12,critical,insider_threat,escalated,True,2026-03-17T16:48:38,2026-03-17T17:09:38,21.0,Food training population sit impact religious social director gas animal station.,AST-ENT-12-07,ANL-014
AL-5EE11E24,ENT-06,critical,unauthorized_access,open,False,2026-01-04T00:42:45,,,With include fear land answer all pick all political term teacher lawyer I more over increase.,AST-ENT-06-16,ANL-002
AL-C3EB6345,ENT-07,low,unauthorized_access,open,False,2026-02-20T05:32:43,,,According hit land minute speak space task.,AST-ENT-07-13,ANL-016
AL-7ADBD960,ENT-05,high,malware,open,False,2026-03-17T16:57:57,,,Wind hear scientist team check behavior nation remain effect something focus use social opportunity save wide.,AST-ENT-05-02,ANL-015
AL-FB88C612,ENT-11,critical,malware,escalated,True,2026-05-18T01:22:06,2026-05-18T01:56:24,34.3,Drop him high on view interest community collection get.,AST-ENT-11-01,ANL-022
AL-B0B5CA87,ENT-02,high,insider_threat,escalated,True,2026-03-23T04:43:15,2026-03-23T05:36:51,53.6,Particularly mother somebody both run visit true nothing technology.,AST-ENT-02-01,ANL-014
AL-A942BA1C,ENT-12,medium,dos_attempt,open,False,2026-05-24T19:40:47,,,Job reason western source them wife ever soldier cultural feel above.,AST-ENT-12-11,ANL-009
AL-6C0A3797,ENT-03,medium,unauthorized_access,closed,False,2026-05-05T05:28:55,2026-05-05T06:10:19,41.4,Unit offer offer and manager employee series true team phone.,AST-ENT-03-01,ANL-009
AL-C0BF46CD,ENT-02,low,unauthorized_access,closed,False,2026-02-18T18:23:26,2026-02-18T18:44:38,21.2,Small large either reduce consider interview price civil there scientist.,AST-ENT-02-15,ANL-001
AL-26CDE870,ENT-06,medium,dos_attempt,open,False,2026-04-13T13:00:30,,,Star television foreign environmental garden to arm unit food nothing participant attorney.,AST-ENT-06-17,ANL-023
AL-3DEE18A4,ENT-06,medium,malware,open,False,2026-02-26T04:20:17,,,Indicate authority law use on computer throughout help world training way price child.,AST-ENT-06-13,ANL-004
AL-2736C548,ENT-03,low,insider_threat,closed,False,2026-01-17T10:03:23,2026-01-17T10:39:17,35.9,Rate cut lead story pull war officer least respond.,AST-ENT-03-06,ANL-023
AL-22A8534D,ENT-02,critical,insider_threat,escalated,True,2026-01-11T23:42:30,2026-01-12T00:38:36,56.1,Close vote help skin call food general our the carry usually should.,AST-ENT-02-13,ANL-021
AL-F43B65F2,ENT-07,high,phishing,escalated,True,2026-02-21T12:35:33,2026-02-21T12:55:51,20.3,Many itself believe create recognize source maybe art rich movie whole beat deal.,AST-ENT-07-04,ANL-013
AL-59D3E1BF,ENT-10,medium,unauthorized_access,open,False,2026-04-14T12:48:04,,,Religious image also recent house number end election station.,AST-ENT-10-18,ANL-005
AL-AB23BA2B,ENT-12,high,malware,closed,False,2026-06-14T17:30:11,2026-06-14T19:18:59,108.8,Image skin author group political financial born idea morning interview very account speak not deal say.,AST-ENT-12-03,ANL-001
AL-82C07E67,ENT-05,high,insider_threat,open,False,2026-03-04T06:03:13,,,Yourself discover call whole especially establish class often know four out fine themselves over care.,AST-ENT-05-CORE,ANL-009
AL-6A28F9EB,ENT-07,medium,policy_violation,closed,False,2026-05-17T10:51:45,2026-05-17T11:59:03,67.3,Though statement start none increase nature structure value until.,AST-ENT-07-14,ANL-010
AL-FA7B6D67,ENT-06,medium,data_exfiltration,closed,False,2026-06-24T23:17:37,2026-06-25T01:27:01,129.4,Smile single everything administration during hundred reduce subject together national budget them now.,AST-ENT-06-12,ANL-006
AL-D6A89721,ENT-09,low,data_exfiltration,closed,False,2026-05-23T00:33:51,2026-05-23T00:55:03,21.2,According small game citizen stay condition senior involve nice positive.,AST-ENT-09-05,ANL-024
AL-1325601A,ENT-12,medium,phishing,closed,False,2026-05-23T09:12:28,2026-05-23T10:46:28,94.0,Third study though feeling term leave though community including career each hotel Mrs recent.,AST-ENT-12-14,ANL-014
AL-EC1022A1,ENT-10,high,unauthorized_access,escalated,True,2026-04-07T18:50:27,2026-04-07T19:35:51,45.4,Coach cause reach until seven eye herself.,AST-ENT-10-03,ANL-005
AL-BF2FB77D,ENT-09,low,policy_violation,escalated,True,2026-03-14T09:57:58,2026-03-14T10:31:52,33.9,Stuff treatment hard score agency ahead authority report various by kid throughout sit form necessary.,AST-ENT-09-13,ANL-020
AL-0C8856DD,ENT-09,low,malware,closed,False,2026-04-29T21:42:37,2026-04-29T22:15:01,32.4,Tend theory the hard south maintain year firm generation while travel major strong.,AST-ENT-09-13,ANL-019
AL-9BB376A3,ENT-03,low,policy_violation,escalated,True,2026-01-07T16:52:52,2026-01-07T17:39:52,47.0,Chance three cell most may attorney energy.,AST-ENT-03-03,ANL-024
AL-3F30A4DE,ENT-08,high,data_exfiltration,escalated,True,2026-04-15T21:35:26,2026-04-15T23:30:50,115.4,Strategy in exist call fight may fear sound participant into above enough.,AST-ENT-08-17,ANL-004
AL-EC9C05CC,ENT-09,medium,policy_violation,closed,False,2026-02-24T13:43:19,2026-02-24T15:22:25,99.1,Operation adult big theory future actually popular hot personal.,AST-ENT-09-14,ANL-012
AL-6583927D,ENT-06,medium,data_exfiltration,closed,False,2026-01-25T15:07:41,2026-01-25T16:12:59,65.3,Huge image term others rate change management manager fire imagine activity wide.,AST-ENT-06-CORE,ANL-001
AL-DF2F3E1D,ENT-04,critical,malware,escalated,True,2026-05-16T04:15:37,2026-05-16T05:03:37,48.0,Reviewed alert. No further action required.,AST-ENT-04-04,ANL-011
AL-8AB84B67,ENT-10,low,dos_attempt,closed,False,2026-04-10T15:12:32,2026-04-10T15:33:08,20.6,Game inside whose test quite true nature store check sure.,AST-ENT-10-13,ANL-003
AL-59784801,ENT-12,medium,data_exfiltration,escalated,True,2026-03-19T00:24:03,2026-03-19T01:57:09,93.1,Whom among often either base me rock measure job white employee along too forget subject issue.,AST-ENT-12-04,ANL-001
AL-4180009A,ENT-12,high,policy_violation,escalated,True,2026-03-01T04:07:52,2026-03-01T04:48:58,41.1,Run yeah whether assume election history else.,AST-ENT-12-CORE,ANL-002
AL-C194404F,ENT-04,low,unauthorized_access,open,False,2026-04-26T10:40:31,,,"Checked logs, closing as non-issue.",AST-ENT-04-11,ANL-005
AL-640BCEEC,ENT-07,critical,policy_violation,open,False,2026-06-23T10:38:53,,,Road car many adult possible its sit happen cold law case.,AST-ENT-07-14,ANL-018
AL-3CD289E6,ENT-03,high,policy_violation,closed,False,2026-02-20T01:10:38,2026-02-20T02:32:44,82.1,Bar skin read dream popular truth woman interview also listen movement compare trial.,AST-ENT-03-16,ANL-021
AL-41135E89,ENT-04,high,dos_attempt,escalated,True,2026-02-06T12:14:31,2026-02-06T14:07:43,113.2,Fine rise wife figure concern certain key would system feel stay.,AST-ENT-04-CORE,ANL-013
AL-7D90B404,ENT-10,high,dos_attempt,escalated,True,2026-04-21T00:15:23,2026-04-21T01:23:35,68.2,Its especially half some some provide study fly.,AST-ENT-10-08,ANL-022
AL-B788234C,ENT-12,critical,phishing,escalated,True,2026-05-21T07:40:37,2026-05-21T08:19:43,39.1,Effect quite deep organization idea sit help school each bit.,AST-ENT-12-06,ANL-020
AL-30C5DF7E,ENT-06,high,phishing,escalated,True,2026-02-28T04:08:46,2026-02-28T05:34:52,86.1,Any way space time spend believe customer month couple.,AST-ENT-06-08,ANL-020
AL-C45099C4,ENT-04,medium,phishing,closed,False,2026-04-14T00:55:48,2026-04-14T02:52:00,116.2,Bank risk east ahead remain anything particularly week interest statement dream.,AST-ENT-04-08,ANL-015
AL-2E15B9E2,ENT-12,high,unauthorized_access,open,False,2026-02-26T23:04:59,,,Fly although arrive film act kid because Republican.,AST-ENT-12-15,ANL-015
